"rock","テキスト37","AREAKNB","テキスト38","3段","2段","1段",,"位置X","位置Y","方向","型","列数",,,,
0,1,"00:通常",0,0,0,0,,,,,,,,,,
"0A","01","00:通常",30000,10,0,0,0,1.6,0,"↓",14,1,,,,
"0A","02","00:通常",30000,10,0,0,0,3.2,0,"↓",14,1,,,,
"0A","03","00:通常",30000,10,0,0,0,4.8,0,"↓",14,1,,,,
"0A","04","00:通常",30000,10,0,0,0,6.4,0,"↓",14,1,,,,
"0A","05","00:通常",30000,10,0,0,0,8,0,"↓",14,1,,,,
"0A","06","00:通常",30000,10,0,0,0,9.6,0,"↓",14,1,,,,
"0A","07","00:通常",30000,10,0,0,0,11.2,0,"↓",14,1,,,,
"0A","08","00:通常",30000,10,0,0,0,12.8,0,"↓",14,1,,,,
"0A","09","00:通常",30000,10,0,0,0,14.4,0,"↓",14,1,,,,
"0A",10,"00:通常",30000,10,0,0,0,16,0,"↓",14,1,,,,
"0A",11,"00:通常",30000,10,0,0,0,17.6,0,"↓",14,1,,,,
"0A",12,"00:通常",30000,10,0,0,0,19.2,0,"↓",14,1,,,,
"0A",13,"00:通常",30000,10,0,0,0,20.8,0,"↓",14,1,,,,
"0A",14,"00:通常",30000,10,0,0,0,22.4,0,"↓",14,1,,,,
"0A",15,"00:通常",60000,10,0,0,0,24,0,"↓",14,1,,,,
"0A",16,"00:通常",30000,10,0,0,0,25.6,0,"↓",14,1,,,,
"0A",17,"00:通常",30000,10,0,0,0,27.2,0,"↓",14,1,,,,
"0A",18,"00:通常",30000,10,0,0,0,28.8,0,"↓",14,1,,,,
"0A",19,"00:通常",30000,10,0,0,0,30.4,0,"↓",14,1,,,,
"0A",20,"00:通常",30000,10,0,0,0,32,0,"↓",14,1,,,,
"0A",21,"00:通常",30000,10,0,0,0,1.6,0,"↓",14,1,,,,
"0A",22,"00:通常",30000,10,0,0,0,3.2,0,"↓",14,1,,,,
"0A",23,"00:通常",30000,10,0,0,0,4.8,0,"↓",14,1,,,,
"0A",24,"00:通常",30000,10,0,0,0,6.4,0,"↓",14,1,,,,
"0A",25,"00:通常",30000,10,0,0,0,8,0,"↓",14,1,,,,
"0A",26,"00:通常",30000,10,0,0,0,9.6,0,"↓",14,1,,,,
"0A",27,"00:通常",30000,10,0,0,0,11.2,0,"↓",14,1,,,,
"0A",28,"00:通常",30000,10,0,0,0,12.8,0,"↓",14,1,,,,
"0A",29,"00:通常",30000,10,0,0,0,14.4,0,"↓",14,1,,,,
"0A",30,"00:通常",30000,10,0,0,0,16,0,"↓",14,1,,,,
"0A",31,"00:通常",30000,10,0,0,0,17.6,0,"↓",14,1,,,,
"0A",32,"00:通常",30000,10,0,0,0,19.2,0,"↓",14,1,,,,
"0A",33,"00:通常",30000,10,0,0,0,20.8,0,"↓",14,1,,,,
"0A",34,"00:通常",30000,10,0,0,0,22.4,0,"↓",14,1,,,,
"0A",35,"00:通常",30000,10,0,0,0,24,0,"↓",14,1,,,,
"0A",36,"00:通常",30000,10,0,0,0,25.6,0,"↓",14,1,,,,
"0A",37,"00:通常",36000,18,0,0,0,-1.2,3.2,"→",14,1,,,,
"0A",38,"00:通常",36000,18,0,0,0,-1.2,1.6,"→",14,1,,,,
"0A",39,"00:通常",36000,18,0,0,0,-1.2,0,"→",14,1,,,,
"0A",40,"00:通常",12000,10,0,0,0,0,1.6,"←",14,1,,,,
"0A",41,"00:通常",12000,10,0,0,0,0,0,"←",14,1,,,,
"0A",42,"00:通常",12000,4,0,0,0,,,,,1,,,,
"0A","ZZ","10:引当不可",0,0,0,0,,,,,,1,,,,
"0B","01","00:通常",30000,10,0,0,0,1.6,0,"↓",14,1,,,,
"0B","02","00:通常",30000,10,0,0,0,3.2,0,"↓",14,1,,,,
"0B","03","00:通常",30000,10,0,0,0,4.8,0,"↓",14,1,,,,
"0B","04","00:通常",30000,10,0,0,0,6.4,0,"↓",14,1,,,,
"0B","05","00:通常",30000,10,0,0,0,8,0,"↓",14,1,,,,
"0B","06","00:通常",30000,10,0,0,0,9.6,0,"↓",14,1,,,,
"0B","07","00:通常",30000,10,0,0,0,11.2,0,"↓",14,1,,,,
"0B","08","00:通常",30000,10,0,0,0,12.8,0,"↓",14,1,,,,
"0B","09","00:通常",30000,10,0,0,0,14.4,0,"↓",14,1,,,,
"0B",10,"00:通常",30000,10,0,0,0,16,0,"↓",14,1,,,,
"0B",11,"00:通常",30000,10,0,0,0,17.6,0,"↓",14,1,,,,
"0B",12,"00:通常",30000,10,0,0,0,19.2,0,"↓",14,1,,,,
"0B",13,"00:通常",30000,10,0,0,0,20.8,0,"↓",14,1,,,,
"0B",14,"00:通常",60000,10,0,0,0,22.4,0,"↓",14,1,,,,
"0B",15,"00:通常",30000,10,0,0,0,24,0,"↓",14,1,,,,
"0B",16,"00:通常",30000,10,0,0,0,25.6,0,"↓",14,1,,,,
"0B",17,"00:通常",30000,10,0,0,0,27.2,0,"↓",14,1,,,,
"0B",18,"00:通常",30000,10,0,0,0,28.8,0,"↓",14,1,,,,
"0B",19,"00:通常",30000,10,0,0,0,30.4,0,"↓",14,1,,,,
"0B",20,"00:通常",30000,10,0,0,0,32,0,"↓",14,1,,,,
"0B",21,"00:通常",15000,5,0,0,0,1.6,0,"↓",14,1,,,,
"0B",22,"00:通常",15000,5,0,0,0,3.2,0,"↓",14,1,,,,
"0B",23,"00:通常",15000,5,0,0,0,4.8,0,"↓",14,1,,,,
"0B",24,"00:通常",15000,5,0,0,0,6.4,0,"↓",14,1,,,,
"0B",25,"00:通常",15000,5,0,0,0,8,0,"↓",14,1,,,,
"0B",26,"00:通常",15000,5,0,0,0,9.6,0,"↓",14,1,,,,
"0B",27,"00:通常",15000,5,0,0,0,11.2,0,"↓",14,1,,,,
"0B",28,"00:通常",15000,5,0,0,0,12.8,0,"↓",14,1,,,,
"0B",29,"00:通常",15000,5,0,0,0,14.4,0,"↓",14,1,,,,
"0B",30,"00:通常",15000,5,0,0,0,16,0,"↓",14,1,,,,
"0B",31,"00:通常",15000,5,0,0,0,17.6,0,"↓",14,1,,,,
"0B",32,"00:通常",15000,5,0,0,0,19.2,0,"↓",14,1,,,,
"0B",33,"00:通常",15000,5,0,0,0,20.8,0,"↓",14,1,,,,
"0B",34,"00:通常",15000,5,0,0,0,22.4,0,"↓",14,1,,,,
"0B",35,"00:通常",15000,5,0,0,0,24,0,"↓",14,1,,,,
"0B",36,"00:通常",15000,6,0,0,0,1.6,0,"↑",14,1,,,,
"0B",37,"00:通常",15000,6,0,0,0,3.2,0,"↑",14,1,,,,
"0B",38,"00:通常",15000,6,0,0,0,4.8,0,"↑",14,1,,,,
"0B",39,"00:通常",15000,6,0,0,0,6.4,0,"↑",14,1,,,,
"0B",40,"00:通常",15000,6,0,0,0,8,0,"↑",14,1,,,,
"0B",41,"00:通常",15000,6,0,0,0,9.6,0,"↑",14,1,,,,
"0B",42,"00:通常",15000,6,0,0,0,11.2,0,"↑",14,1,,,,
"0B",43,"00:通常",15000,6,0,0,0,12.8,0,"↑",14,1,,,,
"0B",44,"00:通常",15000,6,0,0,0,14.4,0,"↑",14,1,,,,
"0B",45,"00:通常",15000,6,0,0,0,16,0,"↑",14,1,,,,
"0B",46,"00:通常",15000,6,0,0,0,17.6,0,"↑",14,1,,,,
"0B",47,"00:通常",15000,6,0,0,0,19.2,0,"↑",14,1,,,,
"0B",48,"00:通常",15000,6,0,0,0,20.8,0,"↑",14,1,,,,
"0B",49,"00:通常",15000,6,0,0,0,22.4,0,"↑",14,1,,,,
"0B",50,"00:通常",15000,6,0,0,0,24,0,"↑",14,1,,,,
"0C","01","00:通常",15000,5,0,0,0,0,0,"↑",14,1,,,,
"0C","02","00:通常",15000,5,0,0,0,-1.6,0,"↑",14,1,,,,
"0C","03","00:通常",15000,5,0,0,0,-3.2,0,"↑",14,1,,,,
"0C","04","00:通常",15000,5,0,0,0,-4.8,0,"↑",14,1,,,,
"0C","05","00:通常",15000,5,0,0,0,-6.4,0,"↑",14,1,,,,
"0C","06","00:通常",15000,5,0,0,0,-8,0,"↑",14,1,,,,
"0C","07","00:通常",15000,5,0,0,0,-9.6,0,"↑",14,1,,,,
"0C","08","00:通常",15000,5,0,0,0,-11.2,0,"↑",14,1,,,,
"0C","09","00:通常",15000,5,0,0,0,-12.8,0,"↑",14,1,,,,
"0C",10,"00:通常",15000,5,0,0,0,-14.4,0,"↑",14,1,,,,
"0C",11,"00:通常",15000,5,0,0,0,0,0,"↓",14,1,,,,
"0C",12,"00:通常",15000,5,0,0,0,-1.6,0,"↓",14,1,,,,
"0C",13,"00:通常",15000,5,0,0,0,-3.2,0,"↓",14,1,,,,
"0C",14,"00:通常",15000,5,0,0,0,-4.8,0,"↓",14,1,,,,
"0C",15,"00:通常",15000,5,0,0,0,-6.4,0,"↓",14,1,,,,
"0C",16,"00:通常",15000,5,0,0,0,-8,0,"↓",14,1,,,,
"0C",17,"00:通常",15000,5,0,0,0,-9.6,0,"↓",14,1,,,,
"0C",18,"00:通常",15000,5,0,0,0,-11.2,0,"↓",14,1,,,,
"0C",19,"00:通常",15000,5,0,0,0,-12.8,0,"↓",14,1,,,,
"0C",20,"00:通常",15000,5,0,0,0,-14.4,0,"↓",14,1,,,,
"0C",21,"00:通常",15000,5,0,0,0,0,0,"↑",14,1,,,,
"0C",22,"00:通常",15000,5,0,0,0,-1.6,0,"↑",14,1,,,,
"0C",23,"00:通常",15000,5,0,0,0,-3.2,0,"↑",14,1,,,,
"0C",24,"00:通常",15000,5,0,0,0,-4.8,0,"↑",14,1,,,,
"0C",25,"00:通常",15000,5,0,0,0,-6.4,0,"↑",14,1,,,,
"0C",26,"00:通常",15000,5,0,0,0,-8,0,"↑",14,1,,,,
"0C",27,"00:通常",15000,5,0,0,0,-9.6,0,"↑",14,1,,,,
"0C",28,"00:通常",15000,5,0,0,0,-11.2,0,"↑",14,1,,,,
"0C",29,"00:通常",15000,5,0,0,0,-12.8,0,"↑",14,1,,,,
"0C",30,"00:通常",15000,5,0,0,0,-14.4,0,"↑",14,1,,,,
"0C",31,"00:通常",15000,5,0,0,0,-16,0,"↑",14,1,,,,
"0C",32,"00:通常",15000,5,0,0,0,-17.6,0,"↑",14,1,,,,
"0C",33,"00:通常",15000,5,0,0,0,-19.2,0,"↑",14,1,,,,
"0C",34,"00:通常",15000,5,0,0,0,0,0,"↓",14,1,,,,
"0C",35,"00:通常",15000,5,0,0,0,-1.6,0,"↓",14,1,,,,
"0C",36,"00:通常",15000,5,0,0,0,-3.2,0,"↓",14,1,,,,
"0C",37,"00:通常",15000,5,0,0,0,-4.8,0,"↓",14,1,,,,
"0C",38,"00:通常",15000,5,0,0,0,-6.4,0,"↓",14,1,,,,
"0C",39,"00:通常",15000,5,0,0,0,-8,0,"↓",14,1,,,,
"0C",40,"00:通常",15000,5,0,0,0,-9.6,0,"↓",14,1,,,,
"0C",41,"00:通常",15000,5,0,0,0,-11.2,0,"↓",14,1,,,,
"0C",42,"00:通常",15000,5,0,0,0,-12.8,0,"↓",14,1,,,,
"0C",43,"00:通常",15000,5,0,0,0,-14.4,0,"↓",14,1,,,,
"0C",44,"00:通常",15000,5,0,0,0,-16,0,"↓",14,1,,,,
"0C",45,"00:通常",15000,5,0,0,0,-17.6,0,"↓",14,1,,,,
"0C",46,"00:通常",15000,5,0,0,0,-19.2,0,"↓",14,1,,,,
"0C","ZZ","00:通常",0,0,0,0,,,,,,1,,,,
"0D","01","00:通常",15000,5,0,0,0,0,0,"↑",14,1,,,,
"0D","02","00:通常",15000,5,0,0,0,-1.6,0,"↑",14,1,,,,
"0D","03","00:通常",15000,5,0,0,0,-3.2,0,"↑",14,1,,,,
"0D","04","00:通常",15000,5,0,0,0,-4.8,0,"↑",14,1,,,,
"0D","05","00:通常",15000,5,0,0,0,-6.4,0,"↑",14,1,,,,
"0D","06","00:通常",15000,5,0,0,0,-8,0,"↑",14,1,,,,
"0D","07","00:通常",15000,5,0,0,0,-9.6,0,"↑",14,1,,,,
"0D","08","00:通常",15000,5,0,0,0,-11.2,0,"↑",14,1,,,,
"0D","09","00:通常",15000,5,0,0,0,-12.8,0,"↑",14,1,,,,
"0D",10,"00:通常",15000,5,0,0,0,-14.4,0,"↑",14,1,,,,
"0D",11,"00:通常",15000,5,0,0,0,0,0,"↓",14,1,,,,
"0D",12,"00:通常",15000,5,0,0,0,-1.6,0,"↓",14,1,,,,
"0D",13,"00:通常",15000,5,0,0,0,-3.2,0,"↓",14,1,,,,
"0D",14,"00:通常",15000,5,0,0,0,-4.8,0,"↓",14,1,,,,
"0D",15,"00:通常",15000,5,0,0,0,-6.4,0,"↓",14,1,,,,
"0D",16,"00:通常",15000,5,0,0,0,-8,0,"↓",14,1,,,,
"0D",17,"00:通常",15000,5,0,0,0,-9.6,0,"↓",14,1,,,,
"0D",18,"00:通常",15000,5,0,0,0,-11.2,0,"↓",14,1,,,,
"0D",19,"00:通常",15000,5,0,0,0,-12.8,0,"↓",14,1,,,,
"0D",20,"00:通常",15000,5,0,0,0,-14.4,0,"↓",14,1,,,,
"0D",21,"00:通常",15000,5,0,0,0,-16,0,"↓",14,1,,,,
"0D",22,"00:通常",15000,5,0,0,0,-17.6,0,"↓",14,1,,,,
"0D",23,"00:通常",15000,5,0,0,0,-19.2,0,"↓",14,1,,,,
"0D",24,"00:通常",15000,5,0,0,0,-20.8,0,"↓",14,1,,,,
"0D",25,"00:通常",15000,5,0,0,0,-22.4,0,"↓",14,1,,,,
"0D",26,"00:通常",15000,5,0,0,0,-24,0,"↓",14,1,,,,
"0D",27,"00:通常",15000,5,0,0,0,-25.6,0,"↓",14,1,,,,
"0D",28,"00:通常",15000,5,0,0,0,-27.2,0,"↓",14,1,,,,
"0D",29,"00:通常",15000,5,0,0,0,-28.8,0,"↓",14,1,,,,
"0D",30,"00:通常",15000,3,0,0,0,0,-1.6,"←",14,1,,,,
"0D",31,"00:通常",15000,3,0,0,0,0,-3.2,"←",14,1,,,,
"0D",32,"00:通常",15000,3,0,0,0,0,-4.8,"←",14,1,,,,
"0D",33,"00:通常",15000,3,0,0,0,0,-6.4,"←",14,1,,,,
"0D",34,"00:通常",15000,3,0,0,0,0,-8,"←",14,1,,,,
"0D",35,"00:通常",15000,3,0,0,0,0,-9.6,"←",14,1,,,,
"0D",36,"00:通常",15000,3,0,0,0,0,-11.2,"←",14,1,,,,
"0D",37,"00:通常",15000,3,0,0,0,0,-12.8,"←",14,1,,,,
"0D",38,"00:通常",15000,3,0,0,0,0,-14.4,"←",14,1,,,,
"0D",39,"00:通常",15000,3,0,0,0,0,-16,"←",14,1,,,,
"0D",40,"00:通常",15000,3,0,0,0,0,-17.6,"←",14,1,,,,
"0D",41,"00:通常",15000,5,0,0,0,-8,0,"↑",14,1,,,,
"0D",42,"00:通常",15000,5,0,0,0,-6.4,0,"↑",14,1,,,,
"0D",43,"00:通常",15000,5,0,0,0,-4.8,0,"↑",14,1,,,,
"0D",44,"00:通常",15000,5,0,0,0,-3.2,0,"↑",14,1,,,,
"0D",45,"00:通常",15000,5,0,0,0,-1.6,0,"↑",14,1,,,,
"0D",46,"00:通常",15000,5,0,0,0,0,0,"↑",14,1,,,,
"0D",47,"00:通常",15000,5,0,0,0,,,,,1,,,,
"0D",48,"00:通常",15000,5,0,0,0,,,,,1,,,,
"0D",49,"00:通常",15000,5,0,0,0,,,,,1,,,,
"0D",50,"00:通常",15000,5,0,0,0,,,,,1,,,,
"0D",51,"00:通常",15000,5,0,0,0,,,,,1,,,,
"0D",52,"00:通常",15000,5,0,0,0,,,,,1,,,,
"0D",53,"00:通常",15000,5,0,0,0,,,,,1,,,,
"0D",54,"00:通常",15000,5,0,0,0,,,,,1,,,,
"0D",55,"00:通常",15000,5,0,0,0,,,,,1,,,,
"0D",56,"00:通常",15000,5,0,0,0,,,,,1,,,,
"0D",57,"00:通常",15000,5,0,0,0,,,,,1,,,,
"0D",58,"00:通常",15000,5,0,0,0,,,,,1,,,,
"0D",59,"00:通常",15000,5,0,0,0,,,,,1,,,,
"0D",60,"00:通常",15000,5,0,0,0,,,,,1,,,,
"0D",61,"00:通常",15000,5,0,0,0,,,,,1,,,,
"0D",62,"00:通常",15000,5,0,0,0,,,,,1,,,,
"0D",63,"00:通常",15000,5,0,0,0,,,,,1,,,,
"0D",64,"00:通常",15000,5,0,0,0,,,,,1,,,,
"0D",65,"00:通常",15000,5,0,0,0,,,,,1,,,,
"0D",66,"00:通常",15000,5,0,0,0,,,,,1,,,,
"0D",67,"00:通常",15000,5,0,0,0,,,,,1,,,,
"0D",68,"00:通常",15000,5,0,0,0,,,,,1,,,,
"0D",69,"00:通常",15000,5,0,0,0,,,,,1,,,,
"0D","ZZ","00:通常",0,0,0,0,,,,,,1,,,,
"0E","02","00:通常",60000,20,0,0,0,0,0,"→",14,1,,,,
"0E","03","00:通常",60000,20,0,0,0,0,1.6,"→",14,1,,,,
"0E","04","00:通常",60000,20,0,0,0,0,3.2,"→",14,1,,,,
"0E","05","00:通常",60000,20,0,0,0,0,4.8,"→",14,1,,,,
"0E","06","00:通常",60000,20,0,0,0,0,6.4,"→",14,1,,,,
"0E","07","00:通常",60000,20,0,0,0,0,8,"→",14,1,,,,
"0E","08","00:通常",60000,20,0,0,0,0,9.6,"→",14,1,,,,
"0E","09","00:通常",60000,20,0,0,0,0,11.2,"→",14,1,,,,
"0E",10,"00:通常",60000,20,0,0,0,0,12.8,"→",14,1,,,,
"0E",11,"00:通常",60000,20,0,0,0,0,15.4,"→",14,1,,,,
"0E",12,"00:通常",60000,20,0,0,0,0,17,"→",14,1,,,,
"0E",13,"00:通常",60000,20,0,0,0,0,18.6,"→",14,1,,,,
"0E",14,"00:通常",60000,20,0,0,0,0,20.2,"→",14,1,,,,
"0E",15,"00:通常",60000,20,0,0,0,0,21.8,"→",14,1,,,,
"0E",16,"00:通常",60000,20,0,0,0,0,23.4,"→",14,1,,,,
"0E",17,"00:通常",60000,20,0,0,0,0,25,"→",14,1,,,,
"0E",18,"00:通常",60000,20,0,0,0,0,27.6,"→",14,1,,,,
"0E",19,"00:通常",60000,20,0,0,0,0,29.2,"→",14,1,,,,
"0E",20,"00:通常",60000,16,0,0,0,4.8,31.8,"→",14,1,,,,
"0E",21,"00:通常",60000,16,0,0,0,4.8,"33.4]","→",14,1,,,,
"0E","ZZ","00:通常",0,0,0,0,,,,,,1,,,,
"0F","01","00:通常",15000,10,0,0,0,32,0,"↓",14,1,,,,
"0F","02","00:通常",15000,10,0,0,0,30.4,0,"↓",14,1,,,,
"0F","03","00:通常",15000,10,0,0,0,28.8,0,"↓",14,1,,,,
"0F","04","00:通常",15000,10,0,0,0,27.2,0,"↓",14,1,,,,
"0F","05","00:通常",15000,10,0,0,0,25.6,0,"↓",14,1,,,,
"0F","06","00:通常",15000,10,0,0,0,24,0,"↓",14,1,,,,
"0F","07","00:通常",15000,10,0,0,0,22.4,0,"↓",14,1,,,,
"0F","08","00:通常",15000,10,0,0,0,20.8,0,"↓",14,1,,,,
"0F","09","00:通常",15000,10,0,0,0,19.2,0,"↓",14,1,,,,
"0F",10,"00:通常",15000,10,0,0,0,17.6,0,"↓",14,1,,,,
"0F",11,"00:通常",15000,10,0,0,0,16,0,"↓",14,1,,,,
"0F",12,"00:通常",15000,10,0,0,0,14.4,0,"↓",14,1,,,,
"0F",13,"00:通常",15000,10,0,0,0,12.8,0,"↓",14,1,,,,
"0F",14,"00:通常",15000,10,0,0,0,11.2,0,"↓",14,1,,,,
"0F",15,"00:通常",15000,10,0,0,0,9.6,0,"↓",14,1,,,,
"0F",16,"00:通常",30000,10,0,0,0,8,0,"↓",14,1,,,,
"0F",17,"00:通常",15000,10,0,0,0,6.4,0,"↓",14,1,,,,
"0F",18,"00:通常",15000,10,0,0,0,4.8,0,"↓",14,1,,,,
"0F",19,"00:通常",15000,10,0,0,0,3.2,0,"↓",14,1,,,,
"0F",20,"00:通常",15000,10,0,0,0,1.6,0,"↓",14,1,,,,
"0F",21,"00:通常",15000,5,0,0,0,,,,,1,,,,
"0F",22,"00:通常",15000,5,0,0,0,,,,,1,,,,
"0F",23,"00:通常",15000,5,0,0,0,,,,,1,,,,
"0F",24,"00:通常",15000,5,0,0,0,,,,,1,,,,
"0F",25,"00:通常",15000,5,0,0,0,,,,,1,,,,
"0F",26,"00:通常",15000,5,0,0,0,,,,,1,,,,
"0F",27,"00:通常",15000,5,0,0,0,,,,,1,,,,
"0F",28,"00:通常",15000,5,0,0,0,,,,,1,,,,
"0F",29,"00:通常",15000,5,0,0,0,,,,,1,,,,
"0F",30,"00:通常",15000,5,0,0,0,,,,,1,,,,
"0F",31,"00:通常",15000,5,0,0,0,,,,,1,,,,
"0F",32,"00:通常",15000,5,0,0,0,,,,,1,,,,
"0F",33,"00:通常",15000,5,0,0,0,,,,,1,,,,
"0F",34,"00:通常",15000,5,0,0,0,,,,,1,,,,
"0F",35,"00:通常",15000,5,0,0,0,,,,,1,,,,
"0F",36,"00:通常",15000,5,0,0,0,,,,,1,,,,
"0F",37,"00:通常",15000,5,0,0,0,,,,,1,,,,
"0F",38,"00:通常",15000,5,0,0,0,,,,,1,,,,
"0F",39,"00:通常",15000,5,0,0,0,,,,,1,,,,
"0F",40,"00:通常",30000,10,0,0,0,,,,,1,,,,
"0F",41,"00:通常",15000,5,0,0,0,,,,,1,,,,
"0F",42,"00:通常",15000,5,0,0,0,,,,,1,,,,
"0F",43,"00:通常",15000,5,0,0,0,,,,,1,,,,
"0F",44,"00:通常",15000,5,0,0,0,,,,,1,,,,
"0F",45,"00:通常",15000,5,0,0,0,,,,,1,,,,
"0F",46,"00:通常",15000,5,0,0,0,,,,,1,,,,
"0F",47,"00:通常",15000,5,0,0,0,,,,,1,,,,
"0F",48,"00:通常",15000,5,0,0,0,,,,,1,,,,
"0F",49,"00:通常",15000,5,0,0,0,,,,,1,,,,
"0F",50,"00:通常",15000,5,0,0,0,,,,,1,,,,
"0F",51,"00:通常",15000,5,0,0,0,,,,,1,,,,
"0F",52,"00:通常",15000,5,0,0,0,,,,,1,,,,
"0F","ZZ","00:通常",0,0,0,0,,,,,,1,,,,
"0G",1,"00:通常",24000,10,0,0,0,32,0,"↓",14,1,,,,
"0G",2,"00:通常",24000,10,0,0,0,30.4,0,"↓",14,1,,,,
"0G",3,"00:通常",24000,10,0,0,0,28.8,0,"↓",14,1,,,,
"0G",4,"00:通常",24000,10,0,0,0,27.2,0,"↓",14,1,,,,
"0G",5,"00:通常",24000,10,0,0,0,25.6,0,"↓",14,1,,,,
"0G",6,"00:通常",24000,10,0,0,0,24,0,"↓",14,1,,,,
"0G",7,"00:通常",24000,10,0,0,0,22.4,0,"↓",14,1,,,,
"0G",8,"00:通常",24000,10,0,0,0,20.8,0,"↓",14,1,,,,
"0G",9,"00:通常",24000,10,0,0,0,19.2,0,"↓",14,1,,,,
"0G",10,"00:通常",24000,10,0,0,0,17.6,0,"↓",14,1,,,,
"0G",11,"00:通常",24000,10,0,0,0,16,0,"↓",14,1,,,,
"0G",12,"00:通常",24000,10,0,0,0,14.4,0,"↓",14,1,,,,
"0G",13,"00:通常",24000,10,0,0,0,12.8,0,"↓",14,1,,,,
"0G",14,"00:通常",24000,10,0,0,0,11.2,0,"↓",14,1,,,,
"0G",15,"00:通常",24000,10,0,0,0,9.6,0,"↓",14,1,,,,
"0G",16,"00:通常",24000,10,0,0,0,8,0,"↓",14,1,,,,
"0G",17,"00:通常",24000,10,0,0,0,6.4,0,"↓",14,1,,,,
"0G",18,"00:通常",24000,10,0,0,0,4.8,0,"↓",14,1,,,,
"0G",19,"00:通常",24000,10,0,0,0,3.2,0,"↓",14,1,,,,
"0G",20,"00:通常",24000,10,0,0,0,1.6,0,"↓",14,1,,,,
"0H","1A","00:通常",1000,0,0,1,0,,,,,1,,,,
"0H","1B","00:通常",1000,0,0,1,0,,,,,1,,,,
"0H","1C","00:通常",1000,0,0,1,0,,,,,1,,,,
"0H","1D","00:通常",1000,0,0,1,0,,,,,1,,,,
"0H","1E","00:通常",1000,0,0,1,0,,,,,1,,,,
"0H","1F","00:通常",1000,0,0,1,0,,,,,1,,,,
"0H","1G","00:通常",1000,0,0,1,0,,,,,1,,,,
"0H","1H","00:通常",1000,0,0,1,0,,,,,1,,,,
"0H","1I","00:通常",1000,0,0,1,0,,,,,1,,,,
"0H","1J","00:通常",1000,0,0,1,0,,,,,1,,,,
"0H","1K","00:通常",1000,0,0,1,0,,,,,1,,,,
"0H","1L","00:通常",1000,0,0,1,0,,,,,1,,,,
"0H","1M","00:通常",1000,0,0,1,0,,,,,1,,,,
"0H","1N","00:通常",1000,0,0,1,0,,,,,1,,,,
"0H","1O","00:通常",1000,0,0,1,0,,,,,1,,,,
"0H","1P","00:通常",1000,0,0,1,0,,,,,1,,,,
"0H","1Q","00:通常",1000,0,0,1,0,,,,,1,,,,
"0H","1R","00:通常",1000,0,0,1,0,,,,,1,,,,
"0H","1S","00:通常",1000,0,0,1,0,,,,,1,,,,
"0H","1T","00:通常",1000,0,0,1,0,,,,,1,,,,
"0H","1U","00:通常",1000,0,0,1,0,,,,,1,,,,
"0H","2A","00:通常",1000,0,0,1,0,,,,,1,,,,
"0H","2B","00:通常",1000,0,0,1,0,,,,,1,,,,
"0H","2C","00:通常",1000,0,0,1,0,,,,,1,,,,
"0H","2D","00:通常",1000,0,0,1,0,,,,,1,,,,
"0H","2E","00:通常",1000,0,0,1,0,,,,,1,,,,
"0H","2F","00:通常",1000,0,0,1,0,,,,,1,,,,
"0H","2G","00:通常",1000,0,0,1,0,,,,,1,,,,
"0H","2H","00:通常",1000,0,0,1,0,,,,,1,,,,
"0H","2I","00:通常",1000,0,0,1,0,,,,,1,,,,
"0H","2J","00:通常",1000,0,0,1,0,,,,,1,,,,
"0H","2K","00:通常",1000,0,0,1,0,,,,,1,,,,
"0H","2L","00:通常",1000,0,0,1,0,,,,,1,,,,
"0H","2M","00:通常",1000,0,0,1,0,,,,,1,,,,
"0H","2N","00:通常",1000,0,0,1,0,,,,,1,,,,
"0H","2O","00:通常",1000,0,0,1,0,,,,,1,,,,
"0H","2P","00:通常",1000,0,0,1,0,,,,,1,,,,
"0H","2Q","00:通常",1000,0,0,1,0,,,,,1,,,,
"0H","2R","00:通常",1000,0,0,1,0,,,,,1,,,,
"0H","3A","00:通常",1000,0,0,1,0,,,,,1,,,,
"0H","3B","00:通常",1000,0,0,1,0,,,,,1,,,,
"0H","3C","00:通常",1000,0,0,1,0,,,,,1,,,,
"0H","3D","00:通常",1000,0,0,1,0,,,,,1,,,,
"0H","3E","00:通常",1000,0,0,1,0,,,,,1,,,,
"0H","3F","00:通常",1000,0,0,1,0,,,,,1,,,,
"0H","3G","00:通常",1000,0,0,1,0,,,,,1,,,,
"0H","3H","00:通常",1000,0,0,1,0,,,,,1,,,,
"0H","3I","00:通常",1000,0,0,1,0,,,,,1,,,,
"0H","3J","00:通常",1000,0,0,1,0,,,,,1,,,,
"0H","3K","00:通常",1000,0,0,1,0,,,,,1,,,,
"0H","3L","00:通常",1000,0,0,1,0,,,,,1,,,,
"0H","3M","00:通常",1000,0,0,1,0,,,,,1,,,,
"0H","3N","00:通常",1000,0,0,1,0,,,,,1,,,,
"0H","3O","00:通常",1000,0,0,1,0,,,,,1,,,,
"0H","3P","00:通常",1000,0,0,1,0,,,,,1,,,,
"0H","3Q","00:通常",1000,0,0,1,0,,,,,1,,,,
"0H","3R","00:通常",1000,0,0,1,0,,,,,1,,,,
"0H","4A","00:通常",1000,0,0,1,0,,,,,1,,,,
"0H","4B","00:通常",1000,0,0,1,0,,,,,1,,,,
"0H","4C","00:通常",1000,0,0,1,0,,,,,1,,,,
"0H","4D","00:通常",1000,0,0,1,0,,,,,1,,,,
"0H","4E","00:通常",1000,0,0,1,0,,,,,1,,,,
"0H","4F","00:通常",1000,0,0,1,0,,,,,1,,,,
"0H","4G","00:通常",1000,0,0,1,0,,,,,1,,,,
"0H","4H","00:通常",1000,0,0,1,0,,,,,1,,,,
"0H","4I","00:通常",1000,0,0,1,0,,,,,1,,,,
"0H","4J","00:通常",1000,0,0,1,0,,,,,1,,,,
"0H","4K","00:通常",1000,0,0,1,0,,,,,1,,,,
"0H","4L","00:通常",1000,0,0,1,0,,,,,1,,,,
"0H","4M","00:通常",1000,0,0,1,0,,,,,1,,,,
"0H","4N","00:通常",1000,0,0,1,0,,,,,1,,,,
"0H","4O","00:通常",1000,0,0,1,0,,,,,1,,,,
"0H","4P","00:通常",1000,0,0,1,0,,,,,1,,,,
"0H","4Q","00:通常",1000,0,0,1,0,,,,,1,,,,
"0H","4R","00:通常",1000,0,0,1,0,,,,,1,,,,
"0H","4S","00:通常",1000,0,0,1,0,,,,,1,,,,
"0H","4T","00:通常",1000,0,0,1,0,,,,,1,,,,
"0H","4U","00:通常",1000,0,0,1,0,,,,,1,,,,
"0H","5A","00:通常",1000,0,0,1,0,,,,,1,,,,
"0H","5B","00:通常",1000,0,0,1,0,,,,,1,,,,
"0H","5C","00:通常",1000,0,0,1,0,,,,,1,,,,
"0H","5D","00:通常",1000,0,0,1,0,,,,,1,,,,
"0H","5E","00:通常",1000,0,0,1,0,,,,,1,,,,
"0H","5F","00:通常",1000,0,0,1,0,,,,,1,,,,
"0H","5G","00:通常",1000,0,0,1,0,,,,,1,,,,
"0H","5H","00:通常",1000,0,0,1,0,,,,,1,,,,
"0H","5I","00:通常",1000,0,0,1,0,,,,,1,,,,
"0H","5J","00:通常",1000,0,0,1,0,,,,,1,,,,
"0H","5K","00:通常",1000,0,0,1,0,,,,,1,,,,
"0H","5L","00:通常",1000,0,0,1,0,,,,,1,,,,
"0H","5M","00:通常",1000,0,0,1,0,,,,,1,,,,
"0H","5N","00:通常",1000,0,0,1,0,,,,,1,,,,
"0H","5O","00:通常",1000,0,0,1,0,,,,,1,,,,
"0H","5P","00:通常",1000,0,0,1,0,,,,,1,,,,
"0H","5Q","00:通常",1000,0,0,1,0,,,,,1,,,,
"0H","5R","00:通常",1000,0,0,1,0,,,,,1,,,,
"0H","5S","00:通常",1000,0,0,1,0,,,,,1,,,,
"0H","5T","00:通常",1000,0,0,1,0,,,,,1,,,,
"0H","5U","00:通常",1000,0,0,1,0,,,,,1,,,,
"0H","6A","00:通常",1000,0,0,1,0,,,,,1,,,,
"0H","6B","00:通常",1000,0,0,1,0,,,,,1,,,,
"0H","6C","00:通常",1000,0,0,1,0,,,,,1,,,,
"0H","6D","00:通常",1000,0,0,1,0,,,,,1,,,,
"0H","6E","00:通常",1000,0,0,1,0,,,,,1,,,,
"0H","6F","00:通常",1000,0,0,1,0,,,,,1,,,,
"0H","6G","00:通常",1000,0,0,1,0,,,,,1,,,,
"0H","6H","00:通常",1000,0,0,1,0,,,,,1,,,,
"0H","6I","00:通常",1000,0,0,1,0,,,,,1,,,,
"0H","6J","00:通常",1000,0,0,1,0,,,,,1,,,,
"0H","6K","00:通常",1000,0,0,1,0,,,,,1,,,,
"0H","6L","00:通常",1000,0,0,1,0,,,,,1,,,,
"0H","6M","00:通常",1000,0,0,1,0,,,,,1,,,,
"0H","6N","00:通常",1000,0,0,1,0,,,,,1,,,,
"0H","6O","00:通常",1000,0,0,1,0,,,,,1,,,,
"0H","6P","00:通常",1000,0,0,1,0,,,,,1,,,,
"0H","6Q","00:通常",1000,0,0,1,0,,,,,1,,,,
"0H","6R","00:通常",1000,0,0,1,0,,,,,1,,,,
"0H","7A","00:通常",1000,0,0,1,0,,,,,1,,,,
"0H","7B","00:通常",1000,0,0,1,0,,,,,1,,,,
"0H","7C","00:通常",1000,0,0,1,0,,,,,1,,,,
"0H","7D","00:通常",1000,0,0,1,0,,,,,1,,,,
"0H","7E","00:通常",1000,0,0,1,0,,,,,1,,,,
"0H","7F","00:通常",1000,0,0,1,0,,,,,1,,,,
"0H","7G","00:通常",1000,0,0,1,0,,,,,1,,,,
"0H","7H","00:通常",1000,0,0,1,0,,,,,1,,,,
"0H","7I","00:通常",1000,0,0,1,0,,,,,1,,,,
"0H","7J","00:通常",1000,0,0,1,0,,,,,1,,,,
"0H","7K","00:通常",1000,0,0,1,0,,,,,1,,,,
"0H","7L","00:通常",1000,0,0,1,0,,,,,1,,,,
"0H","7M","00:通常",1000,0,0,1,0,,,,,1,,,,
"0H","7N","00:通常",1000,0,0,1,0,,,,,1,,,,
"0H","7O","00:通常",1000,0,0,1,0,,,,,1,,,,
"0H","7P","00:通常",1000,0,0,1,0,,,,,1,,,,
"0H","7Q","00:通常",1000,0,0,1,0,,,,,1,,,,
"0H","7R","00:通常",1000,0,0,1,0,,,,,1,,,,
"0H","8A","00:通常",1000,0,0,1,0,,,,,1,,,,
"0H","8B","00:通常",1000,0,0,1,0,,,,,1,,,,
"0H","8C","00:通常",1000,0,0,1,0,,,,,1,,,,
"0H","8D","00:通常",1000,0,0,1,0,,,,,1,,,,
"0H","8E","00:通常",1000,0,0,1,0,,,,,1,,,,
"0H","8F","00:通常",1000,0,0,1,0,,,,,1,,,,
"0H","8G","00:通常",1000,0,0,1,0,,,,,1,,,,
"0H","8H","00:通常",1000,0,0,1,0,,,,,1,,,,
"0H","8I","00:通常",1000,0,0,1,0,,,,,1,,,,
"0H","8J","00:通常",1000,0,0,1,0,,,,,1,,,,
"0H","8K","00:通常",1000,0,0,1,0,,,,,1,,,,
"0H","8L","00:通常",1000,0,0,1,0,,,,,1,,,,
"0H","8M","00:通常",1000,0,0,1,0,,,,,1,,,,
"0H","8N","00:通常",1000,0,0,1,0,,,,,1,,,,
"0H","8O","00:通常",1000,0,0,1,0,,,,,1,,,,
"0H","8P","00:通常",1000,0,0,1,0,,,,,1,,,,
"0H","8Q","00:通常",1000,0,0,1,0,,,,,1,,,,
"0H","8R","00:通常",1000,0,0,1,0,,,,,1,,,,
"0H","8S","00:通常",1000,0,0,1,0,,,,,1,,,,
"0H","8T","00:通常",1000,0,0,1,0,,,,,1,,,,
"0H","8U","00:通常",1000,0,0,1,0,,,,,1,,,,
"0J","01","00:通常",14000,4,1,0,0,,,,,1,,,,
"0J","02","00:通常",14000,4,1,0,0,,,,,1,,,,
"0J","03","00:通常",14000,4,1,0,0,,,,,1,,,,
"0J","04","00:通常",14000,4,1,0,0,,,,,1,,,,
"0J","05","00:通常",14000,4,1,0,0,,,,,1,,,,
"0J","06","00:通常",14000,4,1,0,0,,,,,1,,,,
"0J","07","00:通常",14000,4,1,0,0,,,,,1,,,,
"0J","08","00:通常",14000,4,1,0,0,,,,,1,,,,
"0J","09","00:通常",14000,4,1,0,0,,,,,1,,,,
"0J",10,"00:通常",14000,4,1,0,0,,,,,1,,,,
"0J",11,"00:通常",14000,4,1,0,0,,,,,1,,,,
"0J",12,"00:通常",14000,4,1,0,0,,,,,1,,,,
"0J",13,"00:通常",14000,4,1,0,0,,,,,1,,,,
"0J",14,"00:通常",14000,4,1,0,0,,,,,1,,,,
"0J",15,"00:通常",14000,4,1,0,0,,,,,1,,,,
"0J",16,"00:通常",14000,4,1,0,0,,,,,1,,,,
"0J",17,"00:通常",14000,4,1,0,0,,,,,1,,,,
"0J",18,"00:通常",14000,4,1,0,0,,,,,1,,,,
"0J",19,"00:通常",14000,4,1,0,0,,,,,1,,,,
"0J",20,"00:通常",14000,4,1,0,0,,,,,1,,,,
"0J",21,"00:通常",14000,4,1,0,0,,,,,1,,,,
"0J",22,"00:通常",14000,4,1,0,0,,,,,1,,,,
"0J",23,"00:通常",14000,4,1,0,0,,,,,1,,,,
"0J",24,"00:通常",14000,4,1,0,0,,,,,1,,,,
"0J",25,"00:通常",14000,4,1,0,0,,,,,1,,,,
"0J",26,"00:通常",14000,4,1,0,0,,,,,1,,,,
"0J",27,"00:通常",14000,4,1,0,0,,,,,1,,,,
"0J",28,"00:通常",14000,4,1,0,0,,,,,1,,,,
"0J",29,"00:通常",14000,4,1,0,0,,,,,1,,,,
"0J",30,"00:通常",14000,4,1,0,0,,,,,1,,,,
"0J",31,"00:通常",14000,4,1,0,0,,,,,1,,,,
"0J",32,"00:通常",14000,4,1,0,0,,,,,1,,,,
"0J",33,"00:通常",14000,4,1,0,0,,,,,1,,,,
"0J",34,"00:通常",14000,4,1,0,0,,,,,1,,,,
"0J",35,"00:通常",14000,4,1,0,0,,,,,1,,,,
"0J",36,"00:通常",14000,4,1,0,0,,,,,1,,,,
"0J",37,"00:通常",14000,4,1,0,0,,,,,1,,,,
"0J",38,"00:通常",14000,4,1,0,0,,,,,1,,,,
"0J",39,"00:通常",14000,4,1,0,0,,,,,1,,,,
"0J",40,"00:通常",14000,4,1,0,0,,,,,1,,,,
"0J",41,"00:通常",14000,4,1,0,0,,,,,1,,,,
"0J","ZZ","00:通常",14000,4,1,0,0,,,,,1,,,,
"0Z","1A","00:通常",1000,0,0,1,0,,,,,1,,,,
"0Z","1B","00:通常",1000,0,0,1,0,,,,,1,,,,
"0Z","1C","00:通常",1000,0,0,1,0,,,,,1,,,,
"0Z","1D","00:通常",1000,0,0,1,0,,,,,1,,,,
"0Z","1E","00:通常",1000,0,0,1,0,,,,,1,,,,
"0Z","1F","00:通常",1000,0,0,1,0,,,,,1,,,,
"0Z","1G","00:通常",1000,0,0,1,0,,,,,1,,,,
"0Z","1H","00:通常",1000,0,0,1,0,,,,,1,,,,
"0Z","1I","00:通常",1000,0,0,1,0,,,,,1,,,,
"0Z","1J","00:通常",1000,0,0,1,0,,,,,1,,,,
"0Z","1K","00:通常",1000,0,0,1,0,,,,,1,,,,
"0Z","1L","00:通常",1000,0,0,1,0,,,,,1,,,,
"0Z","2A","00:通常",1000,0,0,1,0,,,,,1,,,,
"0Z","2B","00:通常",1000,0,0,1,0,,,,,1,,,,
"0Z","2C","00:通常",1000,0,0,1,0,,,,,1,,,,
"0Z","2D","00:通常",1000,0,0,1,0,,,,,1,,,,
"0Z","2E","00:通常",1000,0,0,1,0,,,,,1,,,,
"0Z","2F","00:通常",1000,0,0,1,0,,,,,1,,,,
"0Z","2G","00:通常",1000,0,0,1,0,,,,,1,,,,
"0Z","2H","00:通常",1000,0,0,1,0,,,,,1,,,,
"0Z","2I","00:通常",1000,0,0,1,0,,,,,1,,,,
"0Z","2J","00:通常",1000,0,0,1,0,,,,,1,,,,
"0Z","2K","00:通常",1000,0,0,1,0,,,,,1,,,,
"0Z","2L","00:通常",1000,0,0,1,0,,,,,1,,,,
"0Z","3A","00:通常",1000,0,0,1,0,,,,,1,,,,
"0Z","3B","00:通常",1000,0,0,1,0,,,,,1,,,,
"0Z","3C","00:通常",1000,0,0,1,0,,,,,1,,,,
"0Z","3D","00:通常",1000,0,0,1,0,,,,,1,,,,
"0Z","3E","00:通常",1000,0,0,1,0,,,,,1,,,,
"0Z","3F","00:通常",1000,0,0,1,0,,,,,1,,,,
"1A","1P","00:通常",0,0,0,0,,,,,,1,,,,
"1A","2A","00:通常",30000,10,0,0,0,34.1,0,"↓",14,1,,,,
"1A","2B","00:通常",30000,10,0,0,0,32.5,0,"↓",14,1,,,,
"1A","2C","00:通常",30000,10,0,0,0,30.9,0,"↓",14,1,,,,
"1A","2D","00:通常",30000,10,0,0,0,29.3,0,"↓",14,1,,,,
"1A","2E","00:通常",30000,10,0,0,0,27.7,0,"↓",14,1,,,,
"1A","2F","00:通常",30000,10,0,0,0,24,0,"↓",14,1,,,,
"1A","2G","00:通常",30000,10,0,0,0,22.4,0,"↓",14,1,,,,
"1A","2H","00:通常",30000,10,0,0,0,20.8,0,"↓",14,1,,,,
"1A","2I","00:通常",30000,10,0,0,0,19.2,0,"↓",14,1,,,,
"1A","2J","00:通常",30000,10,0,0,0,17.6,0,"↓",14,1,,,,
"1A","2K","00:通常",30000,10,0,0,0,14.4,0,"↓",14,1,,,,
"1A","2L","00:通常",30000,10,0,0,0,12.8,0,"↓",14,1,,,,
"1A","2M","00:通常",30000,10,0,0,0,11.2,0,"↓",14,1,,,,
"1A","2N","00:通常",30000,10,0,0,0,9.6,0,"↓",14,1,,,,
"1A","2O","00:通常",30000,10,0,0,0,8,0,"↓",14,1,,,,
"1A","2P","00:通常",30000,10,0,0,0,4.8,0,"↓",14,1,,,,
"1A","2Q","00:通常",30000,10,0,0,0,3.2,0,"↓",14,1,,,,
"1A","2R","00:通常",30000,10,0,0,0,1.6,0,"↓",14,1,,,,
"1A","2S","00:通常",30000,10,0,0,0,0,0,"↓",14,1,,,,
"1A","2Z","00:通常",30000,10,0,0,,1.6,-2.9,"→",14,2,,,,
"1A","3A","00:通常",60000,20,0,0,0,27.8,-12.4,"←",14,1,,,,
"1A","3B","00:通常",30000,10,0,0,0,0,0,"↑",14,1,,,,
"1A","3C","00:通常",30000,10,0,0,0,1.6,0,"↑",14,1,,,,
"1A","3D","00:通常",30000,10,0,0,0,4.8,0,"↑",14,1,,,,
"1A","3E","00:通常",30000,10,0,0,0,6.4,0,"↑",14,1,,,,
"1A","3F","00:通常",30000,10,0,0,0,8,0,"↑",14,1,,,,
"1A","3G","00:通常",30000,10,0,0,0,9.6,0,"↑",14,1,,,,
"1A","3H","00:通常",30000,10,0,0,0,11.2,0,"↑",14,1,,,,
"1A","3I","00:通常",30000,10,0,0,0,14.4,0,"↑",14,1,,,,
"1A","3J","00:通常",30000,10,0,0,0,16,0,"↑",14,1,,,,
"1A","3K","00:通常",30000,10,0,0,0,17.6,0,"↑",14,1,,,,
"1A","3L","00:通常",30000,10,0,0,0,19.2,0,"↑",14,1,,,,
"1A","3M","00:通常",30000,10,0,0,0,20.8,0,"↑",14,1,,,,
"1A","3N","00:通常",30000,10,0,0,0,24.6,0,"↑",14,1,,,,
"1A","3O","00:通常",30000,10,0,0,0,26.2,0,"↑",14,1,,,,
"1A","3P","00:通常",30000,10,0,0,0,27.8,0,"↑",14,1,,,,
"1A","3Z","00:通常",0,0,0,0,,1.6,1.6,"→",14,1,,,,
"1A","4A","00:通常",21000,7,0,0,0,1.2,0,"↑",14,1,,,,
"1A","4B","00:通常",21000,7,0,0,0,2.8,0,"↑",14,1,,,,
"1A","4C","00:通常",21000,7,0,0,0,4.4,0,"↑",14,1,,,,
"1A","4D","00:通常",21000,7,0,0,0,6,0,"↑",14,1,,,,
"1A","4E","00:通常",21000,7,0,0,0,7.6,0,"↑",14,1,,,,
"1A","4F","00:通常",21000,7,0,0,0,9.2,0,"↑",14,1,,,,
"1A","4G","00:通常",21000,7,0,0,0,10.8,0,"↑",14,1,,,,
"1A","4H","00:通常",21000,7,0,0,0,12.4,0,"↑",14,1,,,,
"1A","4I","00:通常",21000,7,0,0,0,14,0,"↑",14,1,,,,
"1A","9P","10:引当不可",0,0,0,0,,,,,,1,,,,
"1B","2A","00:通常",15000,5,0,0,0,1.6,0,"↓",14,1,,,,
"1B","2B","00:通常",15000,5,0,0,0,3.2,0,"↓",14,1,,,,
"1B","2C","00:通常",15000,5,0,0,0,4.8,0,"↓",14,1,,,,
"1B","2D","00:通常",15000,5,0,0,0,6.4,0,"↓",14,1,,,,
"1B","2E","00:通常",15000,5,0,0,0,8,0,"↓",14,1,,,,
"1B","2F","00:通常",15000,5,0,0,0,9.6,0,"↓",14,1,,,,
"1B","2G","00:通常",15000,5,0,0,0,11.2,0,"↓",14,1,,,,
"1B","2H","00:通常",15000,5,0,0,0,12.8,0,"↓",14,1,,,,
"1B","2I","00:通常",15000,5,0,0,0,14.4,0,"↓",14,1,,,,
"1B","2J","00:通常",15000,5,0,0,0,16,0,"↓",14,1,,,,
"1B","2K","00:通常",15000,5,0,0,0,17.6,0,"↓",14,1,,,,
"1B","2L","00:通常",15000,5,0,0,0,19.2,0,"↓",14,1,,,,
"1B","2M","00:通常",15000,5,0,0,0,20.8,0,"↓",14,1,,,,
"1B","2N","00:通常",15000,5,0,0,0,22.4,0,"↓",14,1,,,,
"1B","2O",,15000,5,0,0,0,24,0,"↓",14,1,,,,
"1B","2Z","00:通常",0,0,0,0,,24,-3.4,"←",14,2,,,,
"1B","3A","00:通常",15000,5,0,0,0,1.6,1.2,"↑",14,1,,,,
"1B","3B","00:通常",15000,5,0,0,0,3.2,1.2,"↑",14,1,,,,
"1B","3C","00:通常",15000,5,0,0,0,4.8,1.2,"↑",14,1,,,,
"1B","3D","00:通常",15000,5,0,0,0,6.4,1.2,"↑",14,1,,,,
"1B","3E","00:通常",15000,5,0,0,0,8,1.2,"↑",14,1,,,,
"1B","3F","00:通常",15000,5,0,0,0,11.2,1.2,"↑",14,1,,,,
"1B","3G","00:通常",15000,5,0,0,0,12.8,1.2,"↑",14,1,,,,
"1B","3H","00:通常",15000,5,0,0,0,14.4,1.2,"↑",14,1,,,,
"1B","3I","00:通常",15000,5,0,0,0,16,1.2,"↑",14,1,,,,
"1B","3J","00:通常",15000,5,0,0,0,17.6,1.2,"↑",14,1,,,,
"1B","3K","00:通常",15000,5,0,0,0,20.8,1.2,"↑",14,1,,,,
"1B","3L","00:通常",15000,5,0,0,0,22.4,1.2,"↑",14,1,,,,
"1B","3M","00:通常",15000,5,0,0,0,24,1.2,"↑",14,1,,,,
"1B","3N","00:通常",15000,5,0,0,0,25.6,1.2,"↑",14,1,,,,
"1B","3O","00:通常",15000,5,0,0,0,27.2,1.2,"↑",14,1,,,,
"1B","3Z","00:通常",0,0,0,0,,27.2,2.5,"←",14,1,,,,
"1B","4A","00:通常",15000,5,0,0,0,1.6,-1.2,"↓",14,1,,,,
"1B","4B","00:通常",15000,5,0,0,0,3.2,-1.2,"↓",14,1,,,,
"1B","4C","00:通常",15000,5,0,0,0,4.8,-1.2,"↓",14,1,,,,
"1B","4D","00:通常",15000,5,0,0,0,6.4,-1.2,"↓",14,1,,,,
"1B","4E","00:通常",15000,5,0,0,0,8,-1.2,"↓",14,1,,,,
"1B","4F","00:通常",15000,5,0,0,0,9.6,-1.2,"↓",14,1,,,,
"1B","4G","00:通常",15000,5,0,0,0,11.2,-1.2,"↓",14,1,,,,
"1B","4H","00:通常",15000,5,0,0,0,12.8,-1.2,"↓",14,1,,,,
"1B","4I","00:通常",15000,5,0,0,0,16,-1.2,"↓",14,1,,,,
"1B","4J","00:通常",15000,5,0,0,0,17.6,-1.2,"↓",14,1,,,,
"1B","4K","00:通常",15000,5,0,0,0,19.2,-1.2,"↓",14,1,,,,
"1B","4L","00:通常",15000,5,0,0,0,20.8,-1.2,"↓",14,1,,,,
"1B","4M","00:通常",15000,5,0,0,0,24,-1.2,"↓",14,1,,,,
"1B","4N","00:通常",15000,5,0,0,0,25.6,-1.2,"↓",14,1,,,,
"1B","4O","00:通常",15000,5,0,0,0,27.2,-1.2,"↓",14,1,,,,
"1B","4P","00:通常",15000,5,0,0,0,28.8,-1.2,"↓",14,1,,,,
"1B","4Q","00:通常",15000,5,0,0,0,30.4,-1.2,"↓",14,1,,,,
"1B","4R","00:通常",15000,5,0,0,0,32,-1.2,"↓",14,1,,,,
"1B","4Z",,,,,,,22.4,-2.7,"←",14,2,,,,
"1b","01","00:通常",3000,1,0,0,0,0,0,"→",14,1,,,,
"1b","02","00:通常",3000,1,0,0,0,0,1.6,"→",14,1,,,,
"1b","03","00:通常",3000,1,0,0,0,0,3.2,"→",14,1,,,,
"1b","04","00:通常",3000,1,0,0,0,0,4.8,"→",14,1,,,,
"1b","05","00:通常",3000,1,0,0,0,0,6.4,"→",14,1,,,,
"1b","06","00:通常",3000,1,0,0,0,0,8,"→",14,1,,,,
"1B","5B","00:通常",15000,5,0,0,0,1.6,-1.2,"↑",14,1,,,,
"1B","5C","00:通常",15000,5,0,0,0,3.2,-1.2,"↑",14,1,,,,
"1B","5D","00:通常",15000,5,0,0,0,6.2,-1.2,"↑",14,1,,,,
"1B","5E","00:通常",15000,5,0,0,0,7.8,-1.2,"↑",14,1,,,,
"1B","5F","00:通常",15000,5,0,0,0,9.4,-1.2,"↑",14,1,,,,
"1B","5G","00:通常",15000,5,0,0,0,11,-1.2,"↑",14,1,,,,
"1B","5H","00:通常",15000,5,0,0,0,12.6,-1.2,"↑",14,1,,,,
"1B","5I","00:通常",15000,5,0,0,0,16,-1.2,"↑",14,1,,,,
"1B","5J","00:通常",15000,5,0,0,0,17.6,-1.2,"↑",14,1,,,,
"1B","5K","00:通常",15000,5,0,0,0,19.2,-1.2,"↑",14,1,,,,
"1B","5L","00:通常",15000,5,0,0,0,20.8,-1.2,"↑",14,1,,,,
"1B","5M","00:通常",15000,5,0,0,0,22.4,-1.2,"↑",14,1,,,,
"1B","5N","00:通常",12000,4,0,0,0,-1.2,-1.6,"→",14,1,,,,
"1B","5O","00:通常",12000,4,0,0,0,-1.2,-3.2,"→",14,1,,,,
"1B","5P","00:通常",12000,4,0,0,0,-1.2,-4.8,"→",14,1,,,,
"1B","5Q","00:通常",12000,4,0,0,0,-1.2,-6.4,"→",14,1,,,,
"1B","5R","00:通常",12000,4,0,0,0,-1.2,-8,"→",14,1,,,,
"1B","5Z","00:通常",0,0,0,0,,22.4,0.2,"←",14,1,,,,
"1B","6A","00:通常",8000,0,4,0,0,1.6,0,"↓",14,1,,,,
"1B","6B","00:通常",8000,0,4,0,0,3.2,0,"↓",14,1,,,,
"1B","6C","00:通常",8000,0,4,0,0,6.2,0,"↓",14,1,,,,
"1B","6D","00:通常",8000,0,4,0,0,7.8,0,"↓",14,1,,,,
"1B","6E","00:通常",8000,0,4,0,0,9.4,0,"↓",14,1,,,,
"1B","6F","00:通常",8000,0,4,0,0,11,0,"↓",14,1,,,,
"1B","6G","00:通常",8000,0,4,0,0,12.6,0,"↓",14,1,,,,
"1B","6H","00:通常",8000,0,4,0,0,16,0,"↓",14,1,,,,
"1B","6I","00:通常",8000,0,4,0,0,17.6,0,"↓",14,1,,,,
"1B","6J","00:通常",8000,0,4,0,0,19.2,0,"↓",14,1,,,,
"1B","6K","00:通常",8000,0,4,0,0,20.8,0,"↓",14,1,,,,
"1B","6L","00:通常",8000,0,4,0,0,22.4,0,"↓",14,1,,,,
"1Z","1P","10:引当不可",0,0,0,0,,,,,14,1,,,,
"1Z","ZZ","10:引当不可",0,0,0,0,,,,,14,1,,,,
"2C","1F","00:通常",9000,3,0,0,0,,,,14,1,,,,
"2C","2A","00:通常",24000,8,0,0,0,19.4,-1.2,"↑",14,1,,,,
"2C","2B","00:通常",24000,8,0,0,0,17.8,-1.2,"↑",14,1,,,,
"2C","2C","00:通常",24000,8,0,0,0,16.2,-1.2,"↑",14,1,,,,
"2C","2D","00:通常",24000,8,0,0,0,14.6,-1.2,"↑",14,1,,,,
"2C","2E","00:通常",24000,8,0,0,0,13,-1.2,"↑",14,1,,,,
"2C","2F","00:通常",24000,8,0,0,0,11.4,-1.2,"↑",14,1,,,,
"2C","2G","00:通常",24000,8,0,0,0,8.2,-1.2,"↑",14,1,,,,
"2C","2H","00:通常",24000,8,0,0,0,6.6,-1.2,"↑",14,1,,,,
"2C","2I","00:通常",24000,8,0,0,0,5,-1.2,"↑",14,1,,,,
"2C","2J","00:通常",24000,8,0,0,0,3.4,-1.2,"↑",14,1,,,,
"2C","2K","00:通常",24000,8,0,0,0,1.8,-1.2,"↑",14,1,,,,
"2C","2Z","00:通常",0,0,0,0,,1.8,3,"→",14,2,,,,
"2c","01","00:通常",6000,2,0,0,0,0,0,"←",14,1,,,,
"2c","02","00:通常",6000,2,0,0,0,0,1.6,"←",14,1,,,,
"2c","03","00:通常",6000,2,0,0,0,0,3.2,"←",14,1,,,,
"2c","04","00:通常",6000,2,0,0,0,0,6.8,"←",14,1,,,,
"2c","05","00:通常",6000,2,0,0,0,0,8.4,"←",14,1,,,,
"2c","06","00:通常",6000,2,0,0,0,0,10,"←",14,1,,,,
"2C","3B","00:通常",30000,10,0,0,0,0,-1.2,"↑",14,1,,,,
"2C","3C","00:通常",30000,10,0,0,0,-1.6,-1.2,"↑",14,1,,,,
"2C","3D","00:通常",30000,10,0,0,0,-3.2,-1.2,"↑",14,1,,,,
"2C","3E","00:通常",30000,10,0,0,0,-4.8,-1.2,"↑",14,1,,,,
"2C","3F","00:通常",30000,10,0,0,0,-8,-1.2,"↑",14,1,,,,
"2C","3G","00:通常",30000,10,0,0,0,-9.6,-1.2,"↑",14,1,,,,
"2C","3H","00:通常",30000,10,0,0,0,-11.2,-1.2,"↑",14,1,,,,
"2C","3I","00:通常",30000,10,0,0,0,-12.8,-1.2,"↑",14,1,,,,
"2C","3J","00:通常",30000,10,0,0,0,-14.4,-1.2,"↑",14,1,,,,
"2C","3K","00:通常",30000,10,0,0,0,-17.6,-1.2,"↑",14,1,,,,
"2C","3L","00:通常",30000,10,0,0,0,-19.2,-1.2,"↑",14,1,,,,
"2C","3M","00:通常",30000,10,0,0,0,-20.8,-1.2,"↑",14,1,,,,
"2C","3N","00:通常",30000,10,0,0,0,-22.4,-1.2,"↑",14,1,,,,
"2d",11,"00:通常",3000,1,0,0,0,0,0,"→",14,1,,,,
"2d",12,"00:通常",3000,1,0,0,0,0,1.6,"→",14,1,,,,
"2d",13,"00:通常",3000,1,0,0,0,0,3.2,"→",14,1,,,,
"2d",14,"00:通常",3000,1,0,0,0,0,4.8,"→",14,1,,,,
"2d",15,"00:通常",3000,1,0,0,0,0,6.4,"→",14,1,,,,
"2d",16,"00:通常",3000,1,0,0,0,0,8,"→",14,1,,,,
"2D","1B","00:通常",30000,9,0,0,0,1.6,0,"↓",14,1,,,,
"2D","1C","00:通常",30000,9,0,0,0,3.2,0,"↓",14,1,,,,
"2D","1D","00:通常",30000,9,0,0,0,6.4,0,"↓",14,1,,,,
"2D","1E","00:通常",30000,9,0,0,0,8,0,"↓",14,1,,,,
"2D","1F","00:通常",30000,9,0,0,0,9.6,0,"↓",14,1,,,,
"2D","1G","00:通常",30000,9,0,0,0,11.2,0,"↓",14,1,,,,
"2D","1H","00:通常",30000,9,0,0,0,12.8,0,"↓",14,1,,,,
"2D","1I","00:通常",30000,9,0,0,0,16,0,"↓",14,1,,,,
"2D","1J","00:通常",30000,9,0,0,0,17.6,0,"↓",14,1,,,,
"2D","1K","00:通常",30000,9,0,0,0,19.2,0,"↓",14,1,,,,
"2D","1L","00:通常",30000,9,0,0,0,20.8,0,"↓",14,1,,,,
"2D","1M","00:通常",30000,9,0,0,0,22.4,0,"↓",14,1,,,,
"2D","1N","00:通常",30000,9,0,0,0,26.6,0,"↓",14,1,,,,
"2D","1O","00:通常",30000,9,0,0,0,28.2,0,"↓",14,1,,,,
"2D","1P","00:通常",30000,9,0,0,0,29.8,0,"↓",14,1,,,,
"2D","1Q","00:通常",30000,9,0,0,0,31.4,0,"↓",14,1,,,,
"2D","1R","00:通常",30000,9,0,0,0,33,0,"↓",14,1,,,,
"2D","1S","00:通常",30000,10,0,0,0,,,,14,1,,,,
"2D","1Z","00:通常",0,0,0,0,,33,-3.4,"←",14,2,,,,
"2d",21,"00:通常",3000,1,0,0,0,0,0,"→",14,1,,,,
"2d",22,"00:通常",3000,1,0,0,0,0,1.6,"→",14,1,,,,
"2d",23,"00:通常",3000,1,0,0,0,0,3.2,"→",14,1,,,,
"2d",24,"00:通常",3000,1,0,0,0,0,4.8,"→",14,1,,,,
"2d",25,"00:通常",3000,1,0,0,0,0,6.4,"→",14,1,,,,
"2d",26,"00:通常",3000,1,0,0,0,0,8,"→",14,1,,,,
"2d",27,"00:通常",3000,1,0,0,0,0,9.6,"→",14,1,,,,
"2D","2B","00:通常",30000,10,0,0,0,1.6,-1.2,"↑",14,1,,,,
"2D","2C","00:通常",30000,10,0,0,0,3.2,-1.2,"↑",14,1,,,,
"2D","2D","00:通常",30000,10,0,0,0,6.4,-1.2,"↑",14,1,,,,
"2D","2E","00:通常",30000,10,0,0,0,8,-1.2,"↑",14,1,,,,
"2D","2F","00:通常",30000,10,0,0,0,9.6,-1.2,"↑",14,1,,,,
"2D","2G","00:通常",30000,10,0,0,0,11.2,-1.2,"↑",14,1,,,,
"2D","2H","00:通常",30000,10,0,0,0,12.8,-1.2,"↑",14,1,,,,
"2D","2I","00:通常",30000,10,0,0,0,16,-1.2,"↑",14,1,,,,
"2D","2J","00:通常",30000,10,0,0,0,17.6,-1.2,"↑",14,1,,,,
"2D","2K","00:通常",30000,10,0,0,0,19.2,-1.2,"↑",14,1,,,,
"2D","2L","00:通常",30000,10,0,0,0,20.8,-1.2,"↑",14,1,,,,
"2D","2M","00:通常",30000,10,0,0,0,22.4,-1.2,"↑",14,1,,,,
"2D","2N","00:通常",30000,10,0,0,0,26.6,-1.2,"↑",14,1,,,,
"2D","2O","00:通常",30000,10,0,0,0,28.2,-1.2,"↑",14,1,,,,
"2D","2P","00:通常",30000,10,0,0,0,29.8,-1.2,"↑",14,1,,,,
"2D","2Q","00:通常",30000,10,0,0,0,31.4,-1.2,"↑",14,1,,,,
"2D","2R","00:通常",30000,10,0,0,0,33,-1.2,"↑",14,1,,,,
"2D","2Z",,,,,,,33,0.2,"←",14,1,,,,
"2E","1A","00:通常",15000,5,0,0,0,,,,,1,,,,
"2E","1B","00:通常",30000,10,0,0,0,,,,,1,,,,
"2E","1C","00:通常",30000,10,0,0,0,,,,,1,,,,
"2E","1D","00:通常",30000,10,0,0,0,,,,,1,,,,
"2E","1E","00:通常",30000,10,0,0,0,,,,,1,,,,
"2E","1F","00:通常",30000,10,0,0,0,0,-1.2,"↑",14,1,,,,
"2E","1G","00:通常",30000,10,0,0,0,-1.6,-1.2,"↑",14,1,,,,
"2E","1H","00:通常",30000,10,0,0,0,-3.2,-1.2,"↑",14,1,,,,
"2E","1I","00:通常",30000,10,0,0,0,-4.8,-1.2,"↑",14,1,,,,
"2E","1J","00:通常",30000,10,0,0,0,-6.4,-1.2,"↑",14,1,,,,
"2E","1K","00:通常",30000,10,0,0,0,-8,-1.2,"↑",14,1,,,,
"2E","1L","00:通常",30000,10,0,0,0,-9.6,-1.2,"↑",14,1,,,,
"2E","1M","00:通常",30000,10,0,0,0,-11.2,-1.2,"↑",14,1,,,,
"2E","1N","00:通常",30000,10,0,0,0,-12.8,-1.2,"↑",14,1,,,,
"2E","1O","00:通常",30000,10,0,0,0,-14.4,-1.2,"↑",14,1,,,,
"2E","1P","00:通常",30000,10,0,0,0,-16,-1.2,"↑",14,1,,,,
"2E",11,,,,2,,,1.2,0,"→",14,1,,,,
"2E",12,,,,3,,,1.2,1.6,"→",14,1,,,,
"2E",13,,,4,,,,1.2,3.2,"→",14,1,,,,
"2E",14,,,4,,,,1.2,4.8,"→",14,1,,,,
"2E",15,,,4,,,,1.2,6.4,"→",14,1,,,,
"2E",16,,,4,,,,1.2,8,"→",14,1,,,,
"2E",17,,,4,,,,1.2,9.6,"→",14,1,,,,
"2E",18,,,4,,,,1.2,11.2,"→",14,1,,,,
"2E","2A","00:通常",30000,10,0,0,0,0,-1.2,"↑",14,1,,,,
"2E","2B","00:通常",30000,10,0,0,0,-1.6,-1.2,"↑",14,1,,,,
"2E","2C","00:通常",30000,10,0,0,0,-3.2,-1.2,"↑",14,1,,,,
"2E","2D","00:通常",30000,10,0,0,0,-4.8,-1.2,"↑",14,1,,,,
"2E","2E","00:通常",30000,10,0,0,0,-6.4,-1.2,"↑",14,1,,,,
"2E","2F","00:通常",30000,10,0,0,0,-8,-1.2,"↑",14,1,,,,
"2E","2G","00:通常",30000,10,0,0,0,-9.6,-1.2,"↑",14,1,,,,
"2E","2H","00:通常",30000,10,0,0,0,-11.2,-1.2,"↑",14,1,,,,
"2E","2I","00:通常",30000,10,0,0,0,-12.8,-1.2,"↑",14,1,,,,
"2E","2J","00:通常",30000,10,0,0,0,-14.4,-1.2,"↑",14,1,,,,
"2E","2K","00:通常",30000,10,0,0,0,-16,-1.2,"↑",14,1,,,,
"2E","2L","00:通常",30000,10,0,0,0,-17.6,-1.2,"↑",14,1,,,,
"2E","2M","00:通常",30000,10,0,0,0,-19.2,-1.2,"↑",14,1,,,,
"2E","2N","00:通常",30000,10,0,0,0,-20.8,-1.2,"↑",14,1,,,,
"2E","2O","00:通常",30000,10,0,0,0,-22.4,-1.2,"↑",14,1,,,,
"2E","2P","00:通常",30000,10,0,0,0,-24,-1.2,"↑",14,1,,,,
"2E","2Q","00:通常",30000,10,0,0,0,-25.6,-1.2,"↑",14,1,,,,
"2E","3A","00:通常",30000,10,0,0,0,0,-1.2,"↑",14,1,,,,
"2E","3B","00:通常",30000,10,0,0,0,-1.6,-1.2,"↑",14,1,,,,
"2E","3C","00:通常",30000,10,0,0,0,-3.2,-1.2,"↑",14,1,,,,
"2E","3D","00:通常",30000,10,0,0,0,-4.8,-1.2,"↑",14,1,,,,
"2E","3E","00:通常",30000,10,0,0,0,-6.4,-1.2,"↑",14,1,,,,
"2E","3F","00:通常",30000,10,0,0,0,-8,-1.2,"↑",14,1,,,,
"2E","3G","00:通常",30000,10,0,0,0,-9.6,-1.2,"↑",14,1,,,,
"2E","3H","00:通常",30000,10,0,0,0,-11.2,-1.2,"↑",14,1,,,,
"2E","3I","00:通常",30000,10,0,0,0,-12.8,-1.2,"↑",14,1,,,,
"2E","3J","00:通常",30000,10,0,0,0,-14.4,-1.2,"↑",14,1,,,,
"2E","3K","00:通常",30000,10,0,0,0,-16,-1.2,"↑",14,1,,,,
"2E","3L","00:通常",30000,10,0,0,0,-17.6,-1.2,"↑",14,1,,,,
"2E","3M","00:通常",30000,10,0,0,0,-19.2,-1.2,"↑",14,1,,,,
"2E","3N","00:通常",30000,10,0,0,0,-20.8,-1.2,"↑",14,1,,,,
"2E","3O","00:通常",30000,10,0,0,0,-22.4,-1.2,"↑",14,1,,,,
"2E","3P","00:通常",15000,10,0,0,0,-24,-1.2,"↑",14,1,,,,
"2E","3Q","00:通常",15000,5,0,0,0,,,,14,1,,,,
"2E","3R","00:通常",15000,5,0,0,0,,,,14,1,,,,
"2E","3S","00:通常",15000,5,0,0,0,,,,14,1,,,,
"2E","3T","00:通常",15000,5,0,0,0,,,,14,1,,,,
"2E","3Z","00:通常",0,0,0,0,,,,,14,1,,,,
"2E","4A","00:通常",30000,10,0,0,0,1.6,0,"↓",14,1,,,,
"2E","4B","00:通常",30000,10,0,0,0,3.2,0,"↓",14,1,,,,
"2E","4C","00:通常",30000,10,0,0,0,4.8,0,"↓",14,1,,,,
"2E","4D","00:通常",30000,10,0,0,0,6.4,0,"↓",14,1,,,,
"2E","4E","00:通常",30000,10,0,0,0,8,0,"↓",14,1,,,,
"2E","4F","00:通常",30000,10,0,0,0,9.6,0,"↓",14,1,,,,
"2E","4G","00:通常",30000,10,0,0,0,11.2,0,"↓",14,1,,,,
"2E","4H","00:通常",30000,10,0,0,0,12.8,0,"↓",14,1,,,,
"2E","4I","00:通常",30000,10,0,0,0,14.4,0,"↓",14,1,,,,
"2E","4J","00:通常",30000,10,0,0,0,16,0,"↓",14,1,,,,
"2E","4K","00:通常",30000,10,0,0,0,17.6,0,"↓",14,1,,,,
"2E","4L","00:通常",30000,10,0,0,0,19.2,0,"↓",14,1,,,,
"2E","4M","00:通常",30000,10,0,0,0,20.8,0,"↓",14,1,,,,
"2E","4N","00:通常",30000,10,0,0,0,22.4,0,"↓",14,1,,,,
"2E","4O","00:通常",30000,10,0,0,0,24,0,"↓",14,1,,,,
"2E","4P","00:通常",30000,10,0,0,0,25.6,0,"↓",14,1,,,,
"2E","4Q","00:通常",30000,10,0,0,0,27.2,0,"↓",14,1,,,,
"2E","4R","00:通常",30000,10,0,0,0,28.8,0,"↓",14,1,,,,
"2E","4S","00:通常",30000,10,0,0,0,30.4,0,"↓",14,1,,,,
"2E","4T","00:通常",30000,10,0,0,0,32,0,"↓",14,1,,,,
"2E","5A","00:通常",30000,10,0,0,0,1.6,0,"↓",14,1,,,,
"2E","5B","00:通常",30000,10,0,0,0,3.2,0,"↓",14,1,,,,
"2E","5C","00:通常",30000,10,0,0,0,4.8,0,"↓",14,1,,,,
"2E","5D","00:通常",30000,10,0,0,0,6.4,0,"↓",14,1,,,,
"2E","5E","00:通常",30000,10,0,0,0,8,0,"↓",14,1,,,,
"2E","5F","00:通常",30000,10,0,0,0,9.6,0,"↓",14,1,,,,
"2E","5G","00:通常",30000,10,0,0,0,11.2,0,"↓",14,1,,,,
"2E","5H","00:通常",30000,10,0,0,0,12.8,0,"↓",14,1,,,,
"2E","5I","00:通常",30000,10,0,0,0,14.4,0,"↓",14,1,,,,
"2E","5J","00:通常",30000,10,0,0,0,16,0,"↓",14,1,,,,
"2E","5K","00:通常",30000,10,0,0,0,17.6,0,"↓",14,1,,,,
"2E","5L","00:通常",30000,10,0,0,0,19.2,0,"↓",14,1,,,,
"2E","5M","00:通常",30000,10,0,0,0,20.8,0,"↓",14,1,,,,
"2E","5N","00:通常",30000,10,0,0,0,22.4,0,"↓",14,1,,,,
"2E","5O","00:通常",30000,10,0,0,0,24,0,"↓",14,1,,,,
"2E","5P","00:通常",30000,10,0,0,0,25.6,0,"↓",14,1,,,,
"2E","5Q","00:通常",30000,10,0,0,0,27.2,0,"↓",14,1,,,,
"2E","5R","00:通常",30000,10,0,0,0,28.8,0,"↓",14,1,,,,
"2E","5S","00:通常",30000,10,0,0,0,30.4,0,"↓",14,1,,,,
"2E","5T","00:通常",30000,10,0,0,0,32,0,"↓",14,1,,,,
"2E","5U","00:通常",30000,10,0,0,0,33.6,0,"↓",14,1,,,,
"2E","5V","00:通常",90000,30,0,0,0,,,,14,1,,,,
"2E",51,,,4,,,,1.2,0,"→",14,1,,,,
"2E",52,,,4,,,,1.2,1.6,"→",14,1,,,,
"2E",53,,,4,,,,1.2,3.2,"→",14,1,,,,
"2E",54,,,4,,,,1.2,4.8,"→",14,1,,,,
"2E",55,,,4,,,,1.2,6.4,"→",14,1,,,,
"2E",56,,,4,,,,1.2,8,"→",14,1,,,,
"2E",57,,,4,,,,1.2,9.6,"→",14,1,,,,
"3F","1A","00:通常",30000,9,0,0,0,1.6,0,"↓",14,1,,,,
"3F","1B","00:通常",30000,9,0,0,0,3.2,0,"↓",14,1,,,,
"3F","1C","00:通常",30000,9,0,0,0,4.8,0,"↓",14,1,,,,
"3F","1D","00:通常",30000,10,0,0,0,11.6,-1.2,"↓",14,1,,,,
"3F","1E","00:通常",30000,10,0,0,0,13.2,-1.2,"↓",14,1,,,,
"3F","1F","00:通常",30000,10,0,0,0,14.8,-1.2,"↓",14,1,,,,
"3F","1G","00:通常",30000,10,0,0,0,16.4,-1.2,"↓",14,1,,,,
"3F","1H","00:通常",30000,10,0,0,0,18,-1.2,"↓",14,1,,,,
"3F","1I","00:通常",30000,10,0,0,0,19.6,-1.2,"↓",14,1,,,,
"3F","1J","00:通常",30000,10,0,0,0,21.2,-1.2,"↓",14,1,,,,
"3F","1K","00:通常",30000,10,0,0,0,22.8,-1.2,"↓",14,1,,,,
"3F","1L","00:通常",30000,10,0,0,0,24.4,-1.2,"↓",14,1,,,,
"3F","1M","00:通常",30000,10,0,0,0,26,-1.2,"↓",14,1,,,,
"3F","1N","00:通常",30000,10,0,0,0,27.6,-1.2,"↓",14,1,,,,
"3F","1O","00:通常",30000,10,0,0,0,29.2,-1.2,"↓",14,1,,,,
"3F","1P","00:通常",30000,10,0,0,0,30.8,-1.2,"↓",14,1,,,,
"3F","1Q","00:通常",30000,10,0,0,0,,,,14,1,,,,
"3F","1R","00:通常",10000,2,2,0,0,,,,14,1,,,,
"3F","1S","00:通常",10000,2,2,0,0,,,,14,1,,,,
"3F","1Z","00:通常",0,0,0,0,,,,,14,1,,,,
"3F","2A","00:通常",30000,10,0,0,0,1.6,-1.2,"↑",14,1,,,,
"3F","2B","00:通常",20000,0,10,0,0,3.2,-1.2,"↑",14,1,,,,
"3F","2C","00:通常",30000,10,0,0,0,4.8,-1.2,"↑",14,1,,,,
"3F","2D","00:通常",30000,10,0,0,0,6.4,-1.2,"↑",14,1,,,,
"3F","2E","00:通常",30000,10,0,0,0,8,-1.2,"↑",14,1,,,,
"3F","2F","00:通常",30000,10,0,0,0,9.6,-1.2,"↑",14,1,,,,
"3F","2G","00:通常",30000,10,0,0,0,11.2,-1.2,"↑",14,1,,,,
"3F","2H","00:通常",30000,10,0,0,0,12.8,-1.2,"↑",14,1,,,,
"3F","2I","00:通常",30000,10,0,0,0,14.4,-1.2,"↑",14,1,,,,
"3F","2J","00:通常",30000,10,0,0,0,16,-1.2,"↑",14,1,,,,
"3F","2K","00:通常",30000,10,0,0,0,17.6,-1.2,"↑",14,1,,,,
"3F","2Z","00:通常",0,0,0,0,,,,,14,1,,,,
"3F","3A","00:通常",0,0,0,0,,,,,14,1,,,,
"3F","3B","00:通常",0,0,0,0,,,,,14,1,,,,
"3F","3C","00:通常",0,0,0,0,,,,,14,1,,,,
"3F","4A","00:通常",15000,5,0,0,0,,,,14,1,,,,
"3F","4B","00:通常",15000,5,0,0,0,0,0,"←",14,1,,,,
"3F","4C","00:通常",15000,5,0,0,0,0,1.6,"←",14,1,,,,
"3F","4D","00:通常",15000,5,0,0,0,0,3.2,"←",14,1,,,,
"3F","4E","00:通常",15000,5,0,0,0,0,4.8,"←",14,1,,,,
"3F","4F","00:通常",15000,5,0,0,0,0,6.4,"←",14,1,,,,
"3F","4G","00:通常",15000,5,0,0,0,0,8,"←",14,1,,,,
"3F","4H","00:通常",15000,5,0,0,0,0,9.6,"←",14,1,,,,
"3F","4I","00:通常",15000,5,0,0,0,0,11.2,"←",14,1,,,,
"4G","01","00:通常",10000,0,5,0,0,,,,,1,,52,59,
"4G","02","00:通常",10000,0,5,0,0,,,,,1,,,,
"4G","03","00:通常",10000,0,5,0,0,,,,,1,,,,
"4G","04","00:通常",10000,0,5,0,0,6.8,4.8,"↑",14,1,30.5,,,
"4G","05","00:通常",10000,0,5,0,0,8.4,4.8,"↑",14,1,30.5,,,
"4G","06","00:通常",10000,0,5,0,0,10,4.8,"↑",14,1,30.5,,,
"4G","07","00:通常",10000,0,5,0,0,11.6,4.8,"↑",14,1,30.5,,,
"4G","08","00:通常",10000,0,5,0,0,13.2,4.8,"↑",14,1,30.5,,,
"4G","09","00:通常",10000,0,5,0,0,14.8,4.8,"↑",14,1,30.5,,,
"4G",10,"00:通常",10000,0,5,0,0,16.4,4.8,"↑",14,1,30.5,,,
"4G",11,"00:通常",20000,0,10,0,0,1.6,9.2,"↓",14,1,35.5,,,
"4G",12,"00:通常",20000,0,10,0,0,3.2,9.2,"↓",14,1,35.5,,,
"4G",13,"00:通常",20000,0,10,0,0,4.8,9.2,"↓",14,1,35.5,,,
"4G",14,"00:通常",20000,0,10,0,0,6.4,9.2,"↓",14,1,35.5,,,
"4G",15,"00:通常",20000,0,10,0,0,8,9.2,"↓",14,1,35.5,,,
"4G",16,"00:通常",20000,0,10,0,0,9.6,9.2,"↓",14,1,35.5,,,
"4G",17,"00:通常",20000,0,10,0,0,11.2,9.2,"↓",14,1,35.5,,,
"4G",18,"00:通常",20000,0,10,0,0,12.8,9.2,"↓",14,1,35.5,,,
"4G",19,"00:通常",20000,0,10,0,0,14.4,9.2,"↓",14,1,35.5,,,
"4G","1A","00:通常",20000,0,10,0,0,1.6,0,"↓",14,1,35.5,,,
"4G","1B","00:通常",20000,0,10,0,0,3.2,0,"↓",14,1,35.5,,,
"4G","1C","00:通常",20000,0,10,0,0,4.8,0,"↓",14,1,35.5,,,
"4G","1D","00:通常",20000,0,10,0,0,6.4,0,"↓",14,1,35.5,,,
"4G","1E","00:通常",20000,0,10,0,0,8,0,"↓",14,1,35.5,,,
"4G","1F","00:通常",20000,0,10,0,0,9.6,0,"↓",14,1,35.5,,,
"4G","1G","00:通常",20000,0,10,0,0,11.2,0,"↓",14,1,35.5,,,
"4G","1H","00:通常",20000,0,10,0,0,12.8,0,"↓",14,1,35.5,,,
"4G","1I","00:通常",20000,0,10,0,0,14.4,0,"↓",14,1,35.5,,,
"4G","1J","00:通常",20000,0,10,0,0,16,0,"↓",14,1,35.5,,,
"4G","1K","00:通常",20000,0,10,0,0,17.6,0,"↓",14,1,35.5,,,
"4G","1L","00:通常",20000,0,10,0,0,19.2,0,"↓",14,1,35.5,,,
"4G","1M","00:通常",20000,0,10,0,0,20.8,0,"↓",14,1,35.5,,,
"4G","1Z","00:通常",0,0,0,0,,,,,14,1,,,,
"4G","2A","00:通常",10000,0,5,0,0,1.6,4.8,"↑",14,1,30.5,,,
"4G","2B","00:通常",10000,0,5,0,0,3.2,4.8,"↑",14,1,30.5,,,
"4G","2C","00:通常",10000,0,5,0,0,4.8,4.8,"↑",14,1,30.5,,,
"4G","2D","00:通常",10000,0,5,0,0,6.4,4.8,"↑",14,1,30.5,,,
"4G","2E","00:通常",10000,0,5,0,0,8,4.8,"↑",14,1,30.5,,,
"4G","2F","00:通常",10000,0,5,0,0,9.6,4.8,"↑",14,1,30.5,,,
"4G","2G","00:通常",10000,0,5,0,0,11.2,4.8,"↑",14,1,30.5,,,
"4G","2H","00:通常",10000,0,5,0,0,12.8,4.8,"↑",14,1,30.5,,,
"4G","2I","00:通常",10000,0,5,0,0,14.4,4.8,"↑",14,1,30.5,,,
"4G","2J","00:通常",10000,0,5,0,0,16,4.8,"↑",14,1,30.5,,,
"4G","2K","00:通常",10000,0,5,0,0,17.6,4.8,"↑",14,1,30.5,,,
"4G","2L","00:通常",10000,0,5,0,0,19.2,4.8,"↑",14,1,30.5,,,
"4H","1A","00:通常",12000,0,6,0,0,1.2,0,"→",14,1,4.5,,,
"4H","1B","00:通常",12000,0,6,0,0,1.2,1.6,"→",14,1,6.1,,,
"4H","1C","00:通常",12000,0,6,0,0,1.2,3.2,"→",14,1,7.7,,,
"4H","1D","00:通常",12000,0,6,0,0,1.2,4.8,"→",14,1,9.3,,,
"4H","1E","00:通常",12000,0,6,0,0,1.2,6.4,"→",14,1,10.9,,,
"4H","1F","00:通常",12000,0,6,0,0,8.8,6,"↑",14,1,10.5,,,
"4H","1G","00:通常",12000,0,6,0,0,10.4,6,"↑",14,1,10.5,,,
"4H","1H","00:通常",12000,0,6,0,0,12,6,"↑",14,1,10.5,,,
"4H","1I","00:通常",12000,0,6,0,0,13.6,6,"↑",14,1,10.5,,,
"4H","1J","00:通常",12000,0,6,0,0,15.2,6,"↑",14,1,10.5,,,
"4H","1K","00:通常",12000,0,6,0,0,16.8,6,"↑",14,1,10.5,,,
"4H","1L","00:通常",12000,0,6,0,0,18.4,6,"↑",14,1,10.5,,,
"4H","1M","00:通常",12000,0,6,0,0,20,6,"↑",14,1,10.5,,,
"4H","1N","00:通常",12000,0,6,0,0,21.6,6,"↑",14,1,10.5,,,
"4H","1O","00:通常",12000,0,6,0,0,23.2,6,"↑",14,1,10.5,,,
"4H","1P","00:通常",12000,0,6,0,0,24.8,6,"↑",14,1,10.5,,,
"4H","1Q","00:通常",12000,0,6,0,0,26.4,6,"↑",14,1,10.5,,,
"4H","1R","00:通常",12000,0,6,0,0,28,6,"↑",14,1,10.5,,,
"4H","1Z","00:通常",0,0,4,0,,,,,14,1,,,,
"4H","2A","00:通常",8000,0,4,0,0,1.6,2.4,"↓",14,1,19,,,
"4H","2B","00:通常",8000,0,4,0,0,3.2,2.4,"↓",14,1,19,,,
"4H","2C","00:通常",8000,0,4,0,0,4.8,2.4,"↓",14,1,19,,,
"4H","2D","00:通常",10000,0,6,0,0,6.4,0,"↓",14,1,16.6,,,
"4H","2E","00:通常",10000,0,6,0,0,8,0,"↓",14,1,16.6,,,
"4H","2F","00:通常",14000,0,6,0,0,9.6,0,"↓",14,1,16.6,,,
"4H","2G","00:通常",14000,0,6,0,0,11.2,0,"↓",14,1,16.6,,,
"4H","2H","00:通常",14000,0,6,0,0,12.8,0,"↓",14,1,16.6,,,
"4H","2I","00:通常",14000,0,6,0,0,14.4,0,"↓",14,1,16.6,,,
"4H","2J","00:通常",14000,0,6,0,0,16,0,"↓",14,1,16.6,,,
"4H","2K","00:通常",14000,0,6,0,0,17.6,0,"↓",14,1,16.6,,,
"4H","2L","00:通常",14000,0,6,0,0,19.2,0,"↓",14,1,16.6,,,
"4H","2M","00:通常",14000,0,6,0,0,20.8,0,"↓",14,1,16.6,,,
"4H","2N","00:通常",14000,0,6,0,0,22.4,0,"↓",14,1,16.6,,,
"4H","2O","00:通常",14000,0,6,0,0,24,0,"↓",14,1,16.6,,,
"4H","2P","00:通常",14000,0,6,0,0,25.6,0,"↓",14,1,16.6,,,
"4H","2Q","00:通常",14000,0,6,0,0,27.2,0,"↓",14,1,16.6,,,
"4H","2R","00:通常",14000,0,6,0,0,28.8,0,"↓",14,1,16.6,,,
"4H","2S","00:通常",14000,0,6,0,0,30.4,0,"↓",14,1,16.6,,,
"4H","2T","00:通常",14000,0,5,0,0,32,1.2,"↓",14,1,17.8,,,
"4H","2U","00:通常",10000,0,4,0,0,33.6,2.4,"↓",14,1,19,,,
"4H","2V","00:通常",10000,0,4,0,0,35.2,2.4,"↓",14,1,19,,,
"4H","2W","00:通常",10000,0,4,0,0,36.8,2.4,"↓",14,1,19,,,
"4H","2Z","10:引当不可",0,0,0,0,,,,,14,1,,,,
"4H","3C","00:通常",0,0,0,0,,,,,14,1,,,,
"4H","3D","00:通常",0,0,0,0,,,,,14,1,,,,
"4H","3E","00:通常",0,0,0,0,,,,,14,1,,,,
"5I","1A","00:通常",20000,0,10,0,0,-28.7,0,"↓",14,1,45.9,2,0,
"5I","1B","00:通常",20000,0,10,0,0,-27.1,0,"↓",14,1,45.9,,,
"5I","1C","00:通常",20000,0,10,0,0,-25.5,0,"↓",14,1,45.9,,,
"5I","1D","00:通常",20000,0,10,0,0,-22.4,0,"↓",14,1,45.9,,,
"5I","1E","00:通常",20000,0,10,0,0,-20.8,0,"↓",14,1,45.9,,,
"5I","1F","00:通常",20000,0,10,0,0,-19.2,0,"↓",14,1,45.9,,,
"5I","1G","00:通常",20000,0,10,0,0,-16.2,0,"↓",14,1,45.9,,,
"5I","1H","00:通常",20000,0,10,0,0,-14.6,0,"↓",14,1,45.9,,,
"5I","1I","00:通常",20000,0,10,0,0,-13,0,"↓",14,1,45.9,,,
"5I","1J","00:通常",20000,0,10,0,0,-9.6,0,"↓",14,1,45.9,,,
"5I","1K","00:通常",20000,0,10,0,0,-8,0,"↓",14,1,45.9,,,
"5I","1L","00:通常",20000,0,10,0,0,-6.4,0,"↓",14,1,45.9,,,
"5I","1M","00:通常",20000,0,10,0,0,-3.2,0,"↓",14,1,45.9,,,
"5I","1N","00:通常",20000,0,10,0,0,-1.6,0,"↓",14,1,45.9,,,
"5I","1O","00:通常",20000,0,10,0,0,0,0,"↓",14,1,45.9,,,
"5I","1Z","00:通常",0,0,10,0,,,,,14,1,,,,
"5I","2A","00:通常",20000,0,10,0,0,-28.7,-1.2,"↑",14,1,41,,,
"5I","2B","00:通常",20000,0,10,0,0,-27.1,-1.2,"↑",14,1,41,,,
"5I","2C","00:通常",20000,0,10,0,0,-25.5,-1.2,"↑",14,1,41,,,
"5I","2D","00:通常",20000,0,10,0,0,-22.4,-1.2,"↑",14,1,41,,,
"5I","2E","00:通常",20000,0,10,0,0,-20.8,-1.2,"↑",14,1,41,,,
"5I","2F","00:通常",20000,0,10,0,0,-19.2,-1.2,"↑",14,1,41,,,
"5I","2G","00:通常",20000,0,10,0,0,-16.2,-1.2,"↑",14,1,41,,,
"5I","2H","00:通常",20000,0,10,0,0,-14.6,-1.2,"↑",14,1,41,,,
"5I","2I","00:通常",20000,0,10,0,0,-13,-1.2,"↑",14,1,41,,,
"5I","2J","00:通常",20000,0,10,0,0,-9.6,-1.2,"↑",14,1,41,,,
"5I","2K","00:通常",20000,0,10,0,0,-8,-1.2,"↑",14,1,41,,,
"5I","2L","00:通常",20000,0,10,0,0,-6.4,-1.2,"↑",14,1,41,,,
"5I","2M","00:通常",20000,0,10,0,0,-3.2,-1.2,"↑",14,1,41,,,
"5I","2N","00:通常",20000,0,10,0,0,-1.6,-1.2,"↑",14,1,41,,,
"5I","2O","00:通常",20000,0,10,0,0,0,-1.2,"↑",14,1,41,,,
"5J","1A","00:通常",-80000,0,10,0,0,-28.7,0,"↓",14,1,45.9,,,
"5J","1B","00:通常",-60000,0,10,0,0,-27.1,0,"↓",14,1,45.9,,,
"5J","1C","00:通常",-40000,0,10,0,0,-25.5,0,"↓",14,1,45.9,,,
"5J","1D","00:通常",45000,0,5,0,0,-18.8,1.6,"←",14,2,45.9,,,
"5J","1E","00:通常",78000,0,5,0,0,-18.8,5,"←",14,2,45.9,,,
"5J","1F","00:通常",28000,0,5,0,0,-18.8,8.4,"←",14,2,45.9,,,
"5J","1G","00:通常",0,0,10,0,0,-3.2,0,"↓",14,1,45.9,,,
"5J","1H","00:通常",20000,0,10,0,0,-1.6,0,"↓",14,1,45.9,,,
"5J","1I","00:通常",40000,0,10,0,0,0,0,"↓",14,1,45.9,,,
"5J","1J","00:通常",20000,,,,,,,,,1,,,,
"5J","1K","00:通常",0,,,,,,,,,1,,,,
"5J","1L","00:通常",-20000,,,,,,,,,1,,,,
"5J","1Z","00:通常",0,0,10,0,0,-28.7,0,"↑",14,1,,,,
"5J","2A","00:通常",40000,0,10,0,0,-28.7,-1.2,"↑",14,1,41,,,39
"5J","2B","00:通常",20000,0,10,0,0,-27.1,-1.2,"↑",14,1,41,,,
"5J","2C","00:通常",20000,0,10,0,0,-25.5,-1.2,"↑",14,1,41,,,
"5J","2D","00:通常",20000,0,10,0,0,-23.2,-1.2,"↑",14,1,41,,,
"5J","2E","00:通常",20000,0,10,0,0,-21.6,-1.2,"↑",14,1,41,,,
"5J","2F","00:通常",20000,0,10,0,0,-20,-1.2,"↑",14,1,41,,,
"5J","2G","00:通常",20000,0,10,0,0,-16.8,-1.2,"↑",14,1,41,,,
"5J","2H","00:通常",20000,0,10,0,0,-15.2,-1.2,"↑",14,1,41,,,
"5J","2I","00:通常",20000,0,10,0,0,-13.6,-1.2,"↑",14,1,41,,,
"5J","2J","00:通常",20000,0,10,0,0,-9.6,-1.2,"↑",14,1,41,,,
"5J","2K","00:通常",20000,0,10,0,0,-8,-1.2,"↑",14,1,41,,,
"5J","2L","00:通常",20000,0,10,0,0,-6.4,-1.2,"↑",14,1,41,,,
"5J","2M","00:通常",20000,0,10,0,0,-3.2,-1.2,"↑",14,1,41,,,
"5J","2N","00:通常",20000,0,10,0,0,-1.6,-1.2,"↑",14,1,41,,,
"5J","2O","00:通常",30000,0,10,0,0,0,-1.2,"↑",14,1,41,,,
"5J","Z1","00:通常",40000,0,10,0,0,,,,14,1,,,,
"5J","Z2","00:通常",40000,0,10,0,0,,,,14,1,,16.8,,
"5J","Z3","00:通常",40000,0,10,0,0,,,,14,1,,15.2,,
"5J","Z4","00:通常",40000,0,10,0,0,,,,14,1,,12,,
"5J","Z5","00:通常",40000,0,10,0,0,,,,14,1,,10.4,,
"5J","Z6","00:通常",40000,0,10,0,0,,,,14,1,,8.80000000000001,,
"5J","Z7","00:通常",40000,0,10,0,0,,,,14,1,,5.60000000000002,,
"5K","1A","00:通常",66000,0,10,0,0,-3.2,0,"↓",14,3,45.9,4,,
"5K","1B","00:通常",66000,0,10,0,0,-9.3,0,"↓",14,3,45.9,2.39999999999998,,
"5K","1C","00:通常",66000,0,10,0,0,-15.4,0,"↓",14,3,45.9,,,
"5K","1D","01:通常",66001,0,10,0,0,-21.5,0,"↓",14,3,45.9,,,
"5K","2A","00:通常",66000,0,10,0,0,-3.2,-1.2,"↑",14,3,41,,,
"5K","2B","00:通常",66000,0,10,0,0,-9.3,-1.2,"↑",14,3,41,,,
"5K","2C","00:通常",66000,0,10,0,0,-15.4,-1.2,"↑",14,3,41,,,
"5K","2D","00:通常",66000,0,10,0,0,-21.5,-1.2,"↑",14,3,41,,,
"5L","1A","00:通常",20000,0,10,0,0,-27.2,0,"↓",14,1,15.9,,,
"5L","1B","00:通常",20000,0,10,0,0,-25.6,0,"↓",14,1,15.9,,,
"5L","1C","00:通常",20000,0,10,0,0,-24,0,"↓",14,1,15.9,,,
"5L","1D","00:通常",20000,0,10,0,0,-22.4,0,"↓",14,1,15.9,,,
"5L","1E","00:通常",20000,0,10,0,0,-20.8,0,"↓",14,1,15.9,,,
"5L","1F","00:通常",20000,0,10,0,0,-19.2,0,"↓",14,1,15.9,,,
"5L","1G","00:通常",20000,0,10,0,0,-17.6,0,"↓",14,1,15.9,,,
"5L","1H","00:通常",20000,0,10,0,0,-16,0,"↓",14,1,15.9,,,
"5L","1I","00:通常",20000,0,10,0,0,-14.4,0,"↓",14,1,15.9,,,
"5L","1J","00:通常",20000,0,10,0,0,-12.8,0,"↓",14,1,15.9,,,
"5L","1K","00:通常",20000,0,10,0,0,-11.2,0,"↓",14,1,15.9,,,
"5L","1L","00:通常",20000,0,10,0,0,-9.6,0,"↓",14,1,15.9,,,
"5L","1M","00:通常",20000,0,10,0,0,-8,0,"↓",14,1,15.9,,,
"5L","1N","00:通常",20000,0,10,0,0,-6.4,0,"↓",14,1,15.9,,,
"5L","1O","00:通常",20000,0,10,0,0,-4.8,0,"↓",14,1,15.9,,,
"5L","1P","00:通常",20000,0,10,0,0,-3.2,0,"↓",14,1,15.9,,,
"5L","1Q","00:通常",20000,0,10,0,0,-1.6,0,"↓",14,1,15.9,,,
"5L","1R","00:通常",20000,0,10,0,0,0,0,"↓",14,1,15.9,,,
"5L","1Z","00:通常",0,0,0,0,,2,0,,14,1,,,,
"5L","2A","00:通常",20000,0,10,0,0,-27.2,-1.2,"↑",14,1,11,,,
"5L","2B","00:通常",20000,0,10,0,0,-25.6,-1.2,"↑",14,1,11,,,
"5L","2C","00:通常",20000,0,10,0,0,-24,-1.2,"↑",14,1,11,,,
"5L","2D","00:通常",20000,0,10,0,0,-22.4,-1.2,"↑",14,1,11,,,
"5L","2E","00:通常",20000,0,10,0,0,-20.8,-1.2,"↑",14,1,11,,,
"5L","2F","00:通常",20000,0,10,0,0,-19.2,-1.2,"↑",14,1,11,,,
"5L","2G","00:通常",20000,0,10,0,0,-17.6,-1.2,"↑",14,1,11,,,
"5L","2H","00:通常",20000,0,10,0,0,-16,-1.2,"↑",14,1,11,,,
"5L","2I","00:通常",20000,0,10,0,0,-14.4,-1.2,"↑",14,1,11,,,
"5L","2J","00:通常",20000,0,10,0,0,-12.8,-1.2,"↑",14,1,11,,,
"5L","2K","00:通常",20000,0,10,0,0,-11.2,-1.2,"↑",14,1,11,,,
"5L","2L","00:通常",20000,0,10,0,0,-9.6,-1.2,"↑",14,1,11,,,
"5L","2M","00:通常",20000,0,10,0,0,-8,-1.2,"↑",14,1,11,,,
"5L","2N","00:通常",20000,0,10,0,0,-6.4,-1.2,"↑",14,1,11,,,
"5L","2O","00:通常",20000,0,10,0,0,-4.8,-1.2,"↑",14,1,11,,,
"5L","2P","00:通常",20000,0,10,0,0,-3.2,-1.2,"↑",14,1,11,,,
"5L","2Q","00:通常",20000,0,10,0,0,-1.6,-1.2,"↑",14,1,11,,,
"5L","2R","00:通常",20000,0,10,0,0,0,-1.2,"↑",14,1,11,,,
"5L","2X","00:通常",0,0,0,0,,,,,14,1,,,,
"5M","1A","00:通常",20000,0,10,0,0,-27.2,0,"↓",14,1,15.9,,,
"5M","1B","00:通常",20000,0,10,0,0,-25.6,0,"↓",14,1,15.9,,,
"5M","1C","00:通常",20000,0,10,0,0,-24,0,"↓",14,1,15.9,,,
"5M","1D","00:通常",20000,0,10,0,0,-22.4,0,"↓",14,1,15.9,,,
"5M","1E","00:通常",20000,0,10,0,0,-20.8,0,"↓",14,1,15.9,,,
"5M","1F","00:通常",20000,0,10,0,0,-19.2,0,"↓",14,1,15.9,,,
"5M","1G","00:通常",20000,0,10,0,0,-17.6,0,"↓",14,1,15.9,,,
"5M","1H","00:通常",20000,0,10,0,0,-16,0,"↓",14,1,15.9,,,
"5M","1I","00:通常",20000,0,10,0,0,-14.4,0,"↓",14,1,15.9,,,
"5M","1J","00:通常",20000,0,10,0,0,-12.8,0,"↓",14,1,15.9,,,
"5M","1K","00:通常",20000,0,10,0,0,-11.2,0,"↓",14,1,15.9,,,
"5M","1L","00:通常",20000,0,10,0,0,-9.6,0,"↓",14,1,15.9,,,
"5M","1M","00:通常",20000,0,10,0,0,-8,0,"↓",14,1,15.9,,,
"5M","1N","00:通常",20000,0,10,0,0,-6.4,0,"↓",14,1,15.9,,,
"5M","1O","00:通常",20000,0,10,0,0,-4.8,0,"↓",14,1,15.9,,,
"5M","1P","00:通常",20000,0,10,0,0,-3.2,0,"↓",14,1,15.9,,,
"5M","1Q","00:通常",20000,0,10,0,0,-1.6,0,"↓",14,1,,,,
"5M","1R","00:通常",20000,0,10,0,0,0,0,"↓",14,1,,,,
"5M","2A","00:通常",20000,0,10,0,0,-27.2,-1.2,"↑",14,1,11,,,
"5M","2B","00:通常",20000,0,10,0,0,-25.6,-1.2,"↑",14,1,11,,,
"5M","2C","00:通常",20000,0,10,0,0,-24,-1.2,"↑",14,1,11,,,
"5M","2D","00:通常",20000,0,10,0,0,-22.4,-1.2,"↑",14,1,11,,,
"5M","2E","00:通常",20000,0,10,0,0,-20.8,-1.2,"↑",14,1,11,,,
"5M","2F","00:通常",20000,0,10,0,0,-19.2,-1.2,"↑",14,1,11,,,
"5M","2G","00:通常",20000,0,10,0,0,-17.6,-1.2,"↑",14,1,11,,,
"5M","2H","00:通常",20000,0,10,0,0,-16,-1.2,"↑",14,1,11,,,
"5M","2I","00:通常",20000,0,10,0,0,-14.4,-1.2,"↑",14,1,11,,,
"5M","2J","00:通常",20000,0,10,0,0,-12.8,-1.2,"↑",14,1,11,,,
"5M","2K","00:通常",20000,0,10,0,0,-11.2,-1.2,"↑",14,1,11,,,
"5M","2L","00:通常",20000,0,10,0,0,-9.6,-1.2,"↑",14,1,11,,,
"5M","2M","00:通常",20000,0,10,0,0,-8,-1.2,"↑",14,1,11,,,
"5M","2N","00:通常",20000,0,10,0,0,-6.4,-1.2,"↑",14,1,11,,,
"5M","2O","00:通常",20000,0,10,0,0,-4.8,-1.2,"↑",14,1,11,,,
"5M","2P","00:通常",20000,0,10,0,0,-3.2,-1.2,"↑",14,1,11,,,
"5M","2Q","00:通常",20000,0,10,0,0,-1.6,-1.2,"↑",14,1,,,,
"5M","2R","00:通常",20000,0,10,0,0,0,-1.2,"↑",14,1,,,,
"5N","1C","00:通常",9000,0,10,0,0,-15.2,0,"↓",14,1,15.9,,,
"5N","1D","00:通常",9000,0,10,0,0,-13.6,0,"↓",14,1,15.9,,,
"5N","1E","00:通常",9000,0,10,0,0,-12,0,"↓",14,1,15.9,,,
"5N","1F","00:通常",9000,0,10,0,0,-9.6,0,"↓",14,1,15.9,,,
"5N","1G","00:通常",9000,0,10,0,0,-8,0,"↓",14,1,15.9,,,
"5N","1H","00:通常",9000,0,10,0,0,-6.4,0,"↓",14,1,15.9,,,
"5N","1I","00:通常",9000,0,10,0,0,-3.2,0,"↓",14,1,15.9,,,
"5N","1J","00:通常",9000,0,10,0,0,-1.6,0,"↓",14,1,15.9,,,
"5N","1K","00:通常",18000,0,10,0,0,0,0,"↓",14,1,,,,
"5N","2A","00:通常",18000,0,10,0,0,-27.2,-1.2,"↑",14,1,,,,
"5N","2B","00:通常",18000,0,10,0,0,-25.6,-1.2,"↑",14,1,,,,
"5N","2C","00:通常",18000,0,10,0,0,-24,-1.2,"↑",14,1,,,,
"5N","2D","00:通常",18000,0,10,0,0,-21.4,-1.2,"↑",14,1,,,,
"5N","2E","00:通常",18000,0,10,0,0,-19.8,-1.2,"↑",14,1,,,,
"5N","2F","00:通常",18000,0,10,0,0,-18.2,-1.2,"↑",14,1,,,,
"5N","2G","00:通常",18000,0,10,0,0,-15.2,-1.2,"↑",14,1,,,,
"5N","2H","00:通常",18000,0,10,0,,-13.6,-1.2,"↑",14,1,,,,
"5N","2I","00:通常",18000,0,10,0,0,-12,-1.2,"↑",14,1,11,,,
"5N","2J","00:通常",10000,0,10,0,0,-9.6,-1.2,"↑",14,1,11,,,
"5N","2K","00:通常",2000,0,10,0,0,-8,-1.2,"↑",14,1,11,,,
"5N","2L","00:通常",2000,0,10,0,0,-6.4,-1.2,"↑",14,1,11,,,
"5N","2M","00:通常",2000,0,8,0,0,-3.2,-1.2,"↑",14,1,11,,,
"5N","2N","00:通常",2000,0,7,0,0,-1.6,-1.2,"↑",14,1,11,,,
"5N","2O","00:通常",2000,0,7,0,0,0,-1.2,"↑",14,1,11,,,
"6O","1A","00:通常",4000,0,2,0,0,-0.2,8.6,"↑",14,1,,2,59,
"6O","1B","00:通常",4000,0,2,0,0,1.8,8.6,"↑",14,1,,,,
"6O","1C","00:通常",4000,0,2,0,0,3.4,8.6,"↑",14,1,,,,
"6O","1D","00:通常",4000,0,2,0,0,5,8.6,"↑",14,1,,,,
"6O","1E","00:通常",6000,2,0,0,0,7.2,8.6,"↑",14,1,,,,
"6O","1F","00:通常",4000,0,2,0,0,8.8,8.6,"↑",14,1,,,,
"6O","1G","00:通常",4000,0,2,0,0,10.4,8.6,"↑",14,1,,,,
"6O","1H","00:通常",4000,0,4,0,0,1.4,0,"→",14,1,,,,
"6O","1I","00:通常",4000,0,4,0,0,1.4,1.6,"→",14,1,,,,
"6O","1J","00:通常",4000,0,4,0,0,1.4,3.2,"→",14,1,,,,
"6O","1K","00:通常",4000,0,4,0,0,1.4,4.8,"→",14,1,,,,
"6O","1L","00:通常",4000,0,4,0,0,9.8,0,"←",14,1,,,,
"6O","1M","00:通常",4000,0,4,0,0,9.8,1.6,"←",14,1,,,,
"6O","1N","00:通常",4000,0,4,0,0,9.8,3.2,"←",14,1,,,,
"6O","1O","00:通常",4000,0,4,0,0,9.8,4.8,"←",14,1,,,,
"6O","1P","00:通常",4000,0,"2段",0,0,20.4,0,"→",14,1,,,,
"6O","1Q","00:通常",4000,0,2,0,0,20.4,1.6,"→",14,1,,,,
"6O","1R","00:通常",4000,0,2,0,0,20.4,3.2,"→",14,1,,,,
"6O","1S","00:通常",4000,0,2,0,0,20.4,4.8,"→",14,1,,,,
"6O","1T","00:通常",4000,0,2,0,0,21.6,7.6,"↑",14,1,,,,
"6O","1U","00:通常",4000,0,2,0,0,,,,14,1,,,,
"6O","1Z","00:通常",0,0,0,0,,,,,14,1,,,,
"6O","2A","00:通常",6000,0,3,0,0,0,1.2,"↓",14,1,21.2,,,
"6O","2B","00:通常",8000,0,4,0,0,-1.6,0,"↓",14,1,20,,,
"6O","2C","00:通常",8000,0,4,0,0,-3.2,0,"↓",14,1,20,,,
"6O","2D","00:通常",8000,0,4,0,0,-4.8,0,"↓",14,1,20,,,
"6O","2E","00:通常",8000,0,4,0,0,-6.4,0,"↓",14,1,20,,,
"6O","2F","00:通常",8000,0,4,0,0,-8,0,"↓",14,1,20,,,
"6O","2G","00:通常",8000,0,4,0,0,-9.6,0,"↓",14,1,20,,,
"6O","2H","00:通常",8000,0,4,0,0,-11.2,0,"↓",14,1,20,,,
"6O","2I","00:通常",8000,0,4,0,0,-12.8,0,"↓",14,1,20,,,
"6O","2J","00:通常",8000,0,4,0,0,-14.4,0,"↓",14,1,20,,,
"6O","2K","00:通常",8000,0,4,0,0,-16,0,"↓",14,1,20,,,
"6O","2Z","00:通常",0,0,0,0,,,,,14,,,,,
"6O","3A","00:通常",14000,0,7,0,0,0,0,"←",14,,9,9,4.5,
"6O","3B","00:通常",14000,0,7,0,0,0,-1.6,"←",14,,7.4,,,
"6O","3C","00:通常",14000,0,7,0,0,0,-3.2,"←",14,,5.8,,,
"6O","3D","00:通常",14000,0,7,0,0,0,-4.8,"←",14,,4.2,,,
"7A","01","00:通常",0,0,0,0,,,,,,,,,,
"7A","02","00:通常",0,0,0,0,,,,,,,,,,
"7A","03","00:通常",0,0,0,0,,,,,,,,,,
"7A","04","00:通常",30000,10,0,0,0,,,,,,,,,
"7A","05","00:通常",30000,10,0,0,0,,,,,,,,,
"7A","06","00:通常",30000,10,0,0,0,,,,,,,,,
"7A","07","00:通常",30000,10,0,0,0,,,,,,,,,
"7A","08","00:通常",30000,10,0,0,0,,,,,,,,,
"7A","09","00:通常",30000,10,0,0,0,,,,,,,,,
"7A",10,"00:通常",30000,10,0,0,0,,,,,,,,,
"7A",11,"00:通常",30000,10,0,0,0,,,,,,,,,
"7A",12,"00:通常",30000,10,0,0,0,,,,,,,,,
"7A",13,"00:通常",30000,10,0,0,0,,,,,,,,,
"7A",14,"00:通常",30000,10,0,0,0,,,,,,,,,
"7A",15,"00:通常",30000,10,0,0,0,,,,,,,,,
"7A",16,"00:通常",30000,10,0,0,0,,,,,,,,,
"7A",17,"00:通常",30000,10,0,0,0,,,,,,,,,
"7A",18,"00:通常",30000,10,0,0,0,,,,,,,,,
"7A",19,"00:通常",30000,10,0,0,0,,,,,,,,,
"7A",20,"00:通常",30000,10,0,0,0,,,,,,,,,
"7A",21,"00:通常",30000,10,0,0,0,,,,,,,,,
"7A",22,"00:通常",30000,10,0,0,0,,,,,,,,,
"7A",23,"00:通常",30000,10,0,0,0,,,,,,,,,
"7A",24,"00:通常",30000,10,0,0,0,,,,,,,,,
"7A",25,"00:通常",30000,10,0,0,0,,,,,,,,,
"7A",26,"00:通常",30000,10,0,0,0,,,,,,,,,
"7A","ZZ","00:通常",30000,10,0,0,0,,,,,,,,,
"7B","01","00:通常",16000,4,2,0,0,,,,,,,,,
"7B","02","00:通常",16000,4,2,0,0,,,,,,,,,
"7B","03","00:通常",16000,4,2,0,0,,,,,,,,,
"7B","04","00:通常",16000,4,2,0,0,,,,,,,,,
"7B","05","00:通常",16000,4,2,0,0,,,,,,,,,
"7B","06","00:通常",16000,4,2,0,0,,,,,,,,,
"7B","07","00:通常",16000,4,2,0,0,,,,,,,,,
"7B","08","00:通常",16000,4,2,0,0,,,,,,,,,
"7B","09","00:通常",16000,4,2,0,0,,,,,,,,,
"7B",10,"00:通常",30000,10,0,0,0,,,,,,,,,
"7B",11,"00:通常",30000,10,0,0,0,,,,,,,,,
"7B",12,"00:通常",30000,10,0,0,0,,,,,,,,,
"7B",13,"00:通常",30000,10,0,0,0,,,,,,,,,
"7B",14,"00:通常",30000,10,0,0,0,,,,,,,,,
"7B",15,"00:通常",30000,10,0,0,0,,,,,,,,,
"7B",16,"00:通常",30000,10,0,0,0,,,,,,,,,
"7B",17,"00:通常",30000,10,0,0,0,,,,,,,,,
"7B",18,"00:通常",30000,10,0,0,0,,,,,,,,,
"7B",19,"00:通常",30000,10,0,0,0,,,,,,,,,
"7B",20,"00:通常",30000,10,0,0,0,,,,,,,,,
"7B",21,"00:通常",30000,10,0,0,0,,,,,,,,,
"7B",22,"00:通常",30000,10,0,0,0,,,,,,,,,
"7B",23,"00:通常",30000,10,0,0,0,,,,,,,,,
"7B",24,"00:通常",30000,10,0,0,0,,,,,,,,,
"7B",25,"00:通常",30000,10,0,0,0,,,,,,,,,
"7B",26,"00:通常",30000,10,0,0,0,,,,,,,,,
"7B",27,"00:通常",30000,10,0,0,0,,,,,,,,,
"7B","ZZ","00:通常",0,0,0,0,,,,,,,,,,
"7C","01","00:通常",30000,10,0,0,0,,,,,,,,,
"7C","02","00:通常",30000,10,0,0,0,,,,,,,,,
"7C","03","00:通常",30000,10,0,0,0,,,,,,,,,
"7C","04","00:通常",30000,10,0,0,0,,,,,,,,,
"7C","05","00:通常",30000,10,0,0,0,,,,,,,,,
"7C","06","00:通常",30000,10,0,0,0,,,,,,,,,
"7C","07","00:通常",30000,10,0,0,0,,,,,,,,,
"7C","08","00:通常",30000,10,0,0,0,,,,,,,,,
"7C","09","00:通常",30000,10,0,0,0,,,,,,,,,
"7C",10,"00:通常",30000,10,0,0,0,,,,,,,,,
"7C",11,"00:通常",30000,10,0,0,0,,,,,,,,,
"7C",12,"00:通常",30000,10,0,0,0,,,,,,,,,
"7C",13,"00:通常",30000,10,0,0,0,,,,,,,,,
"7C",14,"00:通常",30000,10,0,0,0,,,,,,,,,
"7C",15,"00:通常",30000,10,0,0,0,,,,,,,,,
"7C",16,"00:通常",30000,10,0,0,0,,,,,,,,,
"7C",17,"00:通常",30000,10,0,0,0,,,,,,,,,
"7C",18,"00:通常",30000,10,0,0,0,,,,,,,,,
"7C",19,"00:通常",30000,10,0,0,0,,,,,,,,,
"7C",20,"00:通常",30000,10,0,0,0,,,,,,,,,
"7C",21,"00:通常",30000,10,0,0,0,,,,,,,,,
"7C",22,"00:通常",30000,10,0,0,0,,,,,,,,,
"7C",23,"00:通常",30000,10,0,0,0,,,,,,,,,
"7C",24,"00:通常",30000,10,0,0,0,,,,,,,,,
"7C",25,"00:通常",30000,10,0,0,0,,,,,,,,,
"7C",26,"00:通常",30000,10,0,0,0,,,,,,,,,
"7C",27,"00:通常",30000,10,0,0,0,,,,,,,,,
"7C",28,"00:通常",30000,10,0,0,0,,,,,,,,,
"7C",29,"00:通常",30000,10,0,0,0,,,,,,,,,
"7C",30,"00:通常",30000,10,0,0,0,,,,,,,,,
"7C",31,"00:通常",30000,10,0,0,0,,,,,,,,,
"7C",32,"00:通常",30000,10,0,0,0,,,,,,,,,
"7C",33,"00:通常",30000,10,0,0,0,,,,,,,,,
"7C",34,"00:通常",30000,10,0,0,0,,,,,,,,,
"7C",35,"00:通常",30000,10,0,0,0,,,,,,,,,
"7C",36,"00:通常",30000,10,0,0,0,,,,,,,,,
"7C",37,"00:通常",30000,10,0,0,0,,,,,,,,,
"7C",38,"00:通常",30000,10,0,0,0,,,,,,,,,
"7C",39,"00:通常",30000,10,0,0,0,,,,,,,,,
"7C",40,"00:通常",30000,10,0,0,0,,,,,,,,,
"7C",41,"00:通常",30000,10,0,0,0,,,,,,,,,
"7C",42,"00:通常",30000,10,0,0,0,,,,,,,,,
"7C",43,"00:通常",0,0,0,0,,,,,,,,,,
"7C",44,"00:通常",0,0,0,0,,,,,,,,,,
"7C",45,"00:通常",0,0,0,0,,,,,,,,,,
"7C",46,"00:通常",0,0,0,0,,,,,,,,,,
"7C",47,"00:通常",0,0,0,0,,,,,,,,,,
"7C",48,"00:通常",0,0,0,0,,,,,,,,,,
"7C",49,"00:通常",0,0,0,0,,,,,,,,,,
"7C",50,"00:通常",30000,10,0,0,0,,,,,,,,,
"7C",51,"00:通常",30000,10,0,0,0,,,,,,,,,
"7C",52,"00:通常",30000,10,0,0,0,,,,,,,,,
"7C","ZZ","00:通常",0,0,0,0,,,,,,,,,,
"7D","01","00:通常",30000,10,0,0,0,,,,,,,,,
"7D","02","00:通常",30000,10,0,0,0,,,,,,,,,
"7D","03","00:通常",30000,10,0,0,0,,,,,,,,,
"7D","04","00:通常",30000,10,0,0,0,,,,,,,,,
"7D","05","00:通常",30000,10,0,0,0,,,,,,,,,
"7D","06","00:通常",30000,10,0,0,0,,,,,,,,,
"7D","07","00:通常",30000,10,0,0,0,,,,,,,,,
"7D","08","00:通常",30000,10,0,0,0,,,,,,,,,
"7D","09","00:通常",30000,10,0,0,0,,,,,,,,,
"7D",10,"00:通常",30000,10,0,0,0,,,,,,,,,
"7D",11,"00:通常",30000,10,0,0,0,,,,,,,,,
"7D",12,"00:通常",30000,10,0,0,0,,,,,,,,,
"7D",13,"00:通常",30000,10,0,0,0,,,,,,,,,
"7D",14,"00:通常",30000,10,0,0,0,,,,,,,,,
"7D",16,"00:通常",30000,10,0,0,0,,,,,,,,,
"7D",17,"00:通常",30000,10,0,0,0,,,,,,,,,
"7D",18,"00:通常",30000,10,0,0,0,,,,,,,,,
"7D",19,"00:通常",30000,10,0,0,0,,,,,,,,,
"7D",20,"00:通常",30000,10,0,0,0,,,,,,,,,
"7D",21,"00:通常",30000,10,0,0,0,,,,,,,,,
"7D",22,"00:通常",30000,10,0,0,0,,,,,,,,,
"7D",23,"00:通常",30000,10,0,0,0,,,,,,,,,
"7D",24,"00:通常",30000,10,0,0,0,,,,,,,,,
"7D",25,"00:通常",30000,10,0,0,0,,,,,,,,,
"7D",26,"00:通常",30000,10,0,0,0,,,,,,,,,
"7D",27,"00:通常",30000,10,0,0,0,,,,,,,,,
"7D",28,"00:通常",30000,10,0,0,0,,,,,,,,,
"7D",29,"00:通常",30000,10,0,0,0,,,,,,,,,
"7D",30,"00:通常",30000,10,0,0,0,,,,,,,,,
"7D",31,"00:通常",30000,10,0,0,0,,,,,,,,,
"7D",32,"00:通常",30000,10,0,0,0,,,,,,,,,
"7D",33,"00:通常",30000,10,0,0,0,,,,,,,,,
"7D",34,"00:通常",30000,10,0,0,0,,,,,,,,,
"7D",35,"00:通常",30000,10,0,0,0,,,,,,,,,
"7D",36,"00:通常",30000,10,0,0,0,,,,,,,,,
"7D",37,"00:通常",30000,10,0,0,0,,,,,,,,,
"7D",38,"00:通常",30000,10,0,0,0,,,,,,,,,
"7D",39,"00:通常",30000,10,0,0,0,,,,,,,,,
"7D",40,"00:通常",30000,10,0,0,0,,,,,,,,,
"7D",41,"00:通常",30000,10,0,0,0,,,,,,,,,
"7D",42,"00:通常",30000,10,0,0,0,,,,,,,,,
"7D",43,"00:通常",30000,10,0,0,0,,,,,,,,,
"7D",44,"00:通常",30000,10,0,0,0,,,,,,,,,
"7D","Z1","00:通常",0,0,0,0,,,,,,,,,,
"7D","ZZ","00:通常",0,0,0,0,,,,,,,,,,
"7E","01","00:通常",0,0,0,0,,,,,,,,,,
"7E","02","00:通常",0,0,0,0,,,,,,,,,,
"7E","03","00:通常",0,0,0,0,,,,,,,,,,
"7E","04","00:通常",0,0,0,0,,,,,,,,,,
"7E","05","00:通常",0,0,0,0,,,,,,,,,,
"7E","06","00:通常",0,0,0,0,,,,,,,,,,
"7E","07","00:通常",0,0,0,0,,,,,,,,,,
"7E","08","00:通常",0,0,0,0,,,,,,,,,,
"7E","09","00:通常",0,0,0,0,,,,,,,,,,
"7E",10,"00:通常",0,0,0,0,,,,,,,,,,
"7H","01","00:通常",56000,18,1,0,0,,,,,,,,,
"7H","02","00:通常",56000,18,1,0,0,,,,,,,,,
"7H","03","00:通常",56000,18,1,0,0,,,,,,,,,
"7H","04","00:通常",56000,18,1,0,0,,,,,,,,,
"7H","05","00:通常",56000,18,1,0,0,,,,,,,,,
"7H","06","00:通常",56000,18,1,0,0,,,,,,,,,
"7H","07","00:通常",56000,18,1,0,0,,,,,,,,,
"7H","08","00:通常",56000,18,1,0,0,,,,,,,,,
"7H","09","00:通常",0,0,0,0,,,,,,,,,,
"7H",10,"00:通常",0,0,0,0,,,,,,,,,,
"7H",11,"00:通常",0,0,0,0,,,,,,,,,,
"7H",12,"00:通常",0,0,0,0,,,,,,,,,,
"7H",13,"00:通常",0,0,0,0,,,,,,,,,,
"7H",14,"00:通常",0,0,0,0,,,,,,,,,,
"7H",15,"00:通常",0,0,0,0,,,,,,,,,,
"7H",16,"00:通常",0,0,0,0,,,,,,,,,,
"7I","01","00:通常",56000,18,1,0,0,,,,,,,,,
"7I","02","00:通常",56000,18,1,0,0,,,,,,,,,
"7I","03","00:通常",56000,18,1,0,0,,,,,,,,,
"7I","04","00:通常",56000,18,1,0,0,,,,,,,,,
"7I","05","00:通常",56000,18,1,0,0,,,,,,,,,
"7I","06","00:通常",56000,18,1,0,0,,,,,,,,,
"7I","07","00:通常",56000,18,1,0,0,,,,,,,,,
"7I","08","00:通常",56000,18,1,0,0,,,,,,,,,
"7I","09","00:通常",56000,18,1,0,0,,,,,,,,,
"7I",10,"00:通常",56000,18,1,0,0,,,,,,,,,
"7I",11,"00:通常",56000,18,1,0,0,,,,,,,,,
"7I",12,"00:通常",56000,18,1,0,0,,,,,,,,,
"7I",13,"00:通常",56000,18,1,0,0,,,,,,,,,
"7I",14,"00:通常",56000,18,1,0,0,,,,,,,,,
"7I",15,"00:通常",56000,18,1,0,0,,,,,,,,,
"7I",16,"00:通常",56000,18,1,0,0,,,,,,,,,
"7I","ZZ","00:通常",0,0,0,0,,,,,,,,,,
"7J","01","00:通常",56000,18,1,0,0,,,,,,,,,
"7J","02","00:通常",56000,18,1,0,0,,,,,,,,,
"7J","03","00:通常",56000,18,1,0,0,,,,,,,,,
"7J","04","00:通常",56000,18,1,0,0,,,,,,,,,
"7J","05","00:通常",56000,18,1,0,0,,,,,,,,,
"7J","06","00:通常",56000,18,1,0,0,,,,,,,,,
"7J","07","00:通常",56000,18,1,0,0,,,,,,,,,
"7J","08","00:通常",56000,18,1,0,0,,,,,,,,,
"7J",9,"00:通常",56000,18,1,0,0,,,,,,,,,
"7J",10,"00:通常",56000,18,1,0,0,,,,,,,,,
"7J",11,"00:通常",56000,18,1,0,0,,,,,,,,,
"7J",12,"00:通常",56000,18,1,0,0,,,,,,,,,
"7J",13,"00:通常",56000,18,1,0,0,,,,,,,,,
"7J",14,"00:通常",56000,18,1,0,0,,,,,,,,,
"7J",15,"00:通常",56000,18,1,0,0,,,,,,,,,
"7J","ZZ","00:通常",0,0,0,0,,,,,,,,,,
"7K","01","00:通常",56000,18,1,0,0,,,,,,,,,
"7K","02","00:通常",56000,18,1,0,0,,,,,,,,,
"7K","03","00:通常",56000,18,1,0,0,,,,,,,,,
"7K","04","00:通常",56000,18,1,0,0,,,,,,,,,
"7K","05","00:通常",56000,18,1,0,0,,,,,,,,,
"7K","06","00:通常",56000,18,1,0,0,,,,,,,,,
"7K","07","00:通常",56000,18,1,0,0,,,,,,,,,
"7K","08","00:通常",56000,18,1,0,0,,,,,,,,,
"7K","09","00:通常",56000,18,1,0,0,,,,,,,,,
"7K",10,"00:通常",56000,18,1,0,0,,,,,,,,,
"7K",11,"00:通常",56000,18,1,0,0,,,,,,,,,
"7K",12,"00:通常",56000,18,1,0,0,,,,,,,,,
"7K",13,"00:通常",56000,18,1,0,0,,,,,,,,,
"7K",14,"00:通常",56000,18,1,0,0,,,,,,,,,
"7K",15,"00:通常",56000,18,1,0,0,,,,,,,,,
"7K",16,"00:通常",56000,18,1,0,0,,,,,,,,,
"7K","ZZ","00:通常",0,0,0,0,,,,,,,,,,
"7L","01","00:通常",28000,7,2,0,3000,,,,,,,,,
"7L","02","00:通常",28000,7,2,0,3000,,,,,,,,,
"7L","03","00:通常",28000,7,2,0,3000,,,,,,,,,
"7L","04","00:通常",28000,7,2,0,3000,,,,,,,,,
"7L","05","00:通常",28000,7,2,0,3000,,,,,,,,,
"7L","06","00:通常",28000,7,2,0,3000,,,,,,,,,
"7L","07","00:通常",28000,7,2,0,3000,,,,,,,,,
"7L","08","00:通常",28000,7,2,0,3000,,,,,,,,,
"7L","09","00:通常",28000,7,2,0,3000,,,,,,,,,
"7L",10,"00:通常",28000,7,2,0,3000,,,,,,,,,
"7L",11,"00:通常",28000,7,2,0,3000,,,,,,,,,
"7L",12,"00:通常",28000,7,2,0,3000,,,,,,,,,
"7L",13,"00:通常",28000,7,2,0,3000,,,,,,,,,
"7L",14,"00:通常",28000,7,2,0,3000,,,,,,,,,
"7L",15,"00:通常",28000,7,2,0,3000,,,,,,,,,
"7L",16,"00:通常",28000,7,2,0,3000,,,,,,,,,
"7L",17,"00:通常",28000,7,2,0,3000,,,,,,,,,
"7L",18,"00:通常",28000,7,2,0,3000,,,,,,,,,
"7L",19,"00:通常",28000,7,2,0,3000,,,,,,,,,
"7L",20,"00:通常",28000,7,2,0,3000,,,,,,,,,
"7L",21,"00:通常",28000,7,2,0,3000,,,,,,,,,
"7L",22,"00:通常",28000,7,2,0,3000,,,,,,,,,
"7L",23,"00:通常",28000,7,2,0,3000,,,,,,,,,
"7L",24,"00:通常",28000,7,2,0,3000,,,,,,,,,
"7L",25,"00:通常",28000,7,2,0,3000,,,,,,,,,
"7L",26,"00:通常",28000,7,2,0,3000,,,,,,,,,
"7M","01","00:通常",28000,7,2,0,3000,,,,,,,,,
"7M","02","00:通常",28000,7,2,0,3000,,,,,,,,,
"7M","03","00:通常",28000,7,2,0,3000,,,,,,,,,
"7M","04","00:通常",28000,7,2,0,3000,,,,,,,,,
"7M","05","00:通常",28000,7,2,0,3000,,,,,,,,,
"7M","06","00:通常",28000,7,2,0,3000,,,,,,,,,
"7M","07","00:通常",28000,7,2,0,3000,,,,,,,,,
"7M","08","00:通常",28000,7,2,0,3000,,,,,,,,,
"7M","09","00:通常",28000,7,2,0,3000,,,,,,,,,
"7M",10,"00:通常",28000,7,2,0,3000,,,,,,,,,
"7M",11,"00:通常",28000,7,2,0,3000,,,,,,,,,
"7M",12,"00:通常",28000,7,2,0,3000,,,,,,,,,
"7M",13,"00:通常",28000,7,2,0,3000,,,,,,,,,
"7M",14,"00:通常",28000,7,2,0,3000,,,,,,,,,
"7M",15,"00:通常",28000,7,2,0,3000,,,,,,,,,
"7M",16,"00:通常",28000,7,2,0,3000,,,,,,,,,
"7M",17,"00:通常",28000,7,2,0,3000,,,,,,,,,
"7M",18,"00:通常",28000,7,2,0,3000,,,,,,,,,
"7M",19,"00:通常",28000,7,2,0,3000,,,,,,,,,
"7M",20,"00:通常",28000,7,2,0,3000,,,,,,,,,
"7M",21,"00:通常",28000,7,2,0,3000,,,,,,,,,
"7M",22,"00:通常",28000,7,2,0,3000,,,,,,,,,
"7M",23,"00:通常",28000,7,2,0,3000,,,,,,,,,
"7M",24,"00:通常",28000,7,2,0,3000,,,,,,,,,
"7M",25,"00:通常",28000,7,2,0,3000,,,,,,,,,
"7M",26,"00:通常",28000,7,2,0,3000,,,,,,,,,
"7N","01","00:通常",28000,7,2,0,3000,,,,,,,,,
"7N","02","00:通常",28000,7,2,0,3000,,,,,,,,,
"7N","03","00:通常",28000,7,2,0,3000,,,,,,,,,
"7N","04","00:通常",28000,7,2,0,3000,,,,,,,,,
"7N","05","00:通常",28000,7,2,0,3000,,,,,,,,,
"7N","06","00:通常",28000,7,2,0,3000,,,,,,,,,
"7N","07","00:通常",28000,7,2,0,3000,,,,,,,,,
"7N","08","00:通常",28000,7,2,0,3000,,,,,,,,,
"7N","09","00:通常",28000,7,2,0,3000,,,,,,,,,
"7N",10,"00:通常",28000,7,2,0,3000,,,,,,,,,
"7N",11,"00:通常",28000,7,2,0,3000,,,,,,,,,
"7N",12,"00:通常",28000,7,2,0,3000,,,,,,,,,
"7N",13,"00:通常",28000,7,2,0,3000,,,,,,,,,
"7N",14,"00:通常",28000,7,2,0,3000,,,,,,,,,
"7N",15,"00:通常",28000,7,2,0,3000,,,,,,,,,
"7N",16,"00:通常",28000,7,2,0,3000,,,,,,,,,
"7N",17,"00:通常",28000,7,2,0,3000,,,,,,,,,
"7N",18,"00:通常",28000,7,2,0,3000,,,,,,,,,
"7N",19,"00:通常",28000,7,2,0,3000,,,,,,,,,
"7N",20,"00:通常",28000,7,2,0,3000,,,,,,,,,
"7N",21,"00:通常",28000,7,2,0,3000,,,,,,,,,
"7N",22,"00:通常",28000,7,2,0,3000,,,,,,,,,
"7N",23,"00:通常",28000,7,2,0,3000,,,,,,,,,
"7N",24,"00:通常",28000,7,2,0,3000,,,,,,,,,
"7N",26,"00:通常",28000,7,2,0,3000,,,,,,,,,
"7N","A1","00:通常",1000,0,0,1,0,,,,,,,,,
"7N","A2","00:通常",1000,0,0,1,0,,,,,,,,,
"7N","A3","00:通常",1000,0,0,1,0,,,,,,,,,
"7N","A4","00:通常",1000,0,0,1,0,,,,,,,,,
"7N","A5","00:通常",1000,0,0,1,0,,,,,,,,,
"7N","A6","00:通常",1000,0,0,1,0,,,,,,,,,
"7N","A7","00:通常",1000,0,0,1,0,,,,,,,,,
"7N","A8","00:通常",1000,0,0,1,0,,,,,,,,,
"7N","A9","00:通常",1000,0,0,1,0,,,,,,,,,
"7N","AA","00:通常",1000,0,0,1,0,,,,,,,,,
"7N","AB","00:通常",1000,0,0,1,0,,,,,,,,,
"7N","AC","00:通常",1000,0,0,1,0,,,,,,,,,
"7N","AD","00:通常",1000,0,0,1,0,,,,,,,,,
"7N","AE","00:通常",1000,0,0,1,0,,,,,,,,,
"7N","AF","00:通常",1000,0,0,1,0,,,,,,,,,
"7N","AG","00:通常",1000,0,0,1,0,,,,,,,,,
"7N","AH","00:通常",1000,0,0,1,0,,,,,,,,,
"7N","AI","00:通常",1000,0,0,1,0,,,,,,,,,
"7N","AJ","00:通常",1000,0,0,1,0,,,,,,,,,
"7N","AK","00:通常",1000,0,0,1,0,,,,,,,,,
"7N","AL","00:通常",1000,0,0,1,0,,,,,,,,,
"7N","AM","00:通常",1000,0,0,1,0,,,,,,,,,
"7N","AN","00:通常",1000,0,0,1,0,,,,,,,,,
"7N","AO","00:通常",1000,0,0,1,0,,,,,,,,,
"7N","AP","00:通常",1000,0,0,1,0,,,,,,,,,
"7N","AQ","00:通常",1000,0,0,1,0,,,,,,,,,
"7N","AR","00:通常",1000,0,0,1,0,,,,,,,,,
"7N","AS","00:通常",1000,0,0,1,0,,,,,,,,,
"7N","AT","00:通常",1000,0,0,1,0,,,,,,,,,
"7N","AU","00:通常",1000,0,0,1,0,,,,,,,,,
"7N","AV","00:通常",1000,0,0,1,0,,,,,,,,,
"7N","AW","00:通常",1000,0,0,1,0,,,,,,,,,
"7N","AX","00:通常",1000,0,0,1,0,,,,,,,,,
"7N","B1","00:通常",1000,0,0,1,0,,,,,,,,,
"7N","B2","00:通常",1000,0,0,1,0,,,,,,,,,
"7N","B3","00:通常",1000,0,0,1,0,,,,,,,,,
"7N","B4","00:通常",1000,0,0,1,0,,,,,,,,,
"7N","B5","00:通常",1000,0,0,1,0,,,,,,,,,
"7N","B6","00:通常",1000,0,0,1,0,,,,,,,,,
"7N","B7","00:通常",1000,0,0,1,0,,,,,,,,,
"7N","B8","00:通常",1000,0,0,1,0,,,,,,,,,
"7N","B9","00:通常",1000,0,0,1,0,,,,,,,,,
"7N","BA","00:通常",1000,0,0,1,0,,,,,,,,,
"7N","BB","00:通常",1000,0,0,1,0,,,,,,,,,
"7N","BC","00:通常",1000,0,0,1,0,,,,,,,,,
"7N","BD","00:通常",1000,0,0,1,0,,,,,,,,,
"7N","BE","00:通常",1000,0,0,1,0,,,,,,,,,
"7N","BF","00:通常",1000,0,0,1,0,,,,,,,,,
"7N","BG","00:通常",1000,0,0,1,0,,,,,,,,,
"7N","BH","00:通常",1000,0,0,1,0,,,,,,,,,
"7N","BI","00:通常",1000,0,0,1,0,,,,,,,,,
"7N","BJ","00:通常",1000,0,0,1,0,,,,,,,,,
"7N","BK","00:通常",1000,0,0,1,0,,,,,,,,,
"7N","BL","00:通常",1000,0,0,1,0,,,,,,,,,
"7N","BM","00:通常",1000,0,0,1,0,,,,,,,,,
"7N","BN","00:通常",1000,0,0,1,0,,,,,,,,,
"7N","BO","00:通常",1000,0,0,1,0,,,,,,,,,
"7N","BP","00:通常",1000,0,0,1,0,,,,,,,,,
"7N","BQ","00:通常",1000,0,0,1,0,,,,,,,,,
"7N","BR","00:通常",1000,0,0,1,0,,,,,,,,,
"7N","BS","00:通常",1000,0,0,1,0,,,,,,,,,
"7N","BT","00:通常",1000,0,0,1,0,,,,,,,,,
"7N","BU","00:通常",1000,0,0,1,0,,,,,,,,,
"7N","BV","00:通常",1000,0,0,1,0,,,,,,,,,
"7N","BW","00:通常",1000,0,0,1,0,,,,,,,,,
"7N","C1","00:通常",1000,0,0,1,0,,,,,,,,,
"7N","C2","00:通常",1000,0,0,1,0,,,,,,,,,
"7N","C3","00:通常",1000,0,0,1,0,,,,,,,,,
"7N","C4","00:通常",1000,0,0,1,0,,,,,,,,,
"7N","C5","00:通常",1000,0,0,1,0,,,,,,,,,
"7N","C6","00:通常",1000,0,0,1,0,,,,,,,,,
"7N","C7","00:通常",1000,0,0,1,0,,,,,,,,,
"7N","C8","00:通常",1000,0,0,1,0,,,,,,,,,
"7N","C9","00:通常",1000,0,0,1,0,,,,,,,,,
"7N","CA","00:通常",1000,0,0,1,0,,,,,,,,,
"7N","CB","00:通常",1000,0,0,1,0,,,,,,,,,
"7N","CC","00:通常",1000,0,0,1,0,,,,,,,,,
"7N","CD","00:通常",1000,0,0,1,0,,,,,,,,,
"7N","CE","00:通常",1000,0,0,1,0,,,,,,,,,
"7N","CF","00:通常",1000,0,0,1,0,,,,,,,,,
"7N","CG","00:通常",1000,0,0,1,0,,,,,,,,,
"7N","CH","00:通常",1000,0,0,1,0,,,,,,,,,
"7N","CI","00:通常",1000,0,0,1,0,,,,,,,,,
"7N","CJ","00:通常",1000,0,0,1,0,,,,,,,,,
"7N","CK","00:通常",1000,0,0,1,0,,,,,,,,,
"7N","CL","00:通常",1000,0,0,1,0,,,,,,,,,
"7N","CM","00:通常",1000,0,0,1,0,,,,,,,,,
"7N","CN","00:通常",1000,0,0,1,0,,,,,,,,,
"7N","CO","00:通常",1000,0,0,1,0,,,,,,,,,
"7N","CP","00:通常",1000,0,0,1,0,,,,,,,,,
"7N","CQ","00:通常",1000,0,0,1,0,,,,,,,,,
"7N","CR","00:通常",1000,0,0,1,0,,,,,,,,,
"7N","CS","00:通常",1000,0,0,1,0,,,,,,,,,
"7N","CT","00:通常",1000,0,0,1,0,,,,,,,,,
"7N","CU","00:通常",1000,0,0,1,0,,,,,,,,,
"7N","CV","00:通常",1000,0,0,1,0,,,,,,,,,
"7N","CW","00:通常",1000,0,0,1,0,,,,,,,,,
"7N","CX","00:通常",1000,0,0,1,0,,,,,,,,,
"7N","WX","00:通常",1000,0,0,1,0,,,,,,,,,
"7N","ZZ","00:通常",0,0,0,0,,,,,,,,,,
"7O","01","00:通常",28000,7,2,0,3000,,,,,,,,,
"7O","02","00:通常",28000,7,2,0,3000,,,,,,,,,
"7O","03","00:通常",28000,7,2,0,3000,,,,,,,,,
"7O","04","00:通常",28000,7,2,0,3000,,,,,,,,,
"7O","05","00:通常",28000,7,2,0,3000,,,,,,,,,
"7O","06","00:通常",28000,7,2,0,3000,,,,,,,,,
"7O","07","00:通常",28000,7,2,0,3000,,,,,,,,,
"7O","08","00:通常",28000,7,2,0,3000,,,,,,,,,
"7O","09","00:通常",28000,7,2,0,3000,,,,,,,,,
"7O",10,"00:通常",28000,7,2,0,3000,,,,,,,,,
"7O",11,"00:通常",28000,7,2,0,3000,,,,,,,,,
"7O",12,"00:通常",28000,7,2,0,3000,,,,,,,,,
"7O",13,"00:通常",28000,7,2,0,3000,,,,,,,,,
"7O",14,"00:通常",28000,7,2,0,3000,,,,,,,,,
"7O",15,"00:通常",28000,7,2,0,3000,,,,,,,,,
"7O",16,"00:通常",28000,7,2,0,3000,,,,,,,,,
"7O",17,"00:通常",28000,7,2,0,3000,,,,,,,,,
"7O",18,"00:通常",28000,7,2,0,3000,,,,,,,,,
"7O",19,"00:通常",28000,7,2,0,3000,,,,,,,,,
"7O",20,"00:通常",28000,7,2,0,3000,,,,,,,,,
"7O",21,"00:通常",28000,7,2,0,3000,,,,,,,,,
"7O",22,"00:通常",28000,7,2,0,3000,,,,,,,,,
"7O",23,"00:通常",28000,7,2,0,3000,,,,,,,,,
"7O",24,"00:通常",28000,7,2,0,3000,,,,,,,,,
"7O",25,"00:通常",28000,7,2,0,3000,,,,,,,,,
"7O",26,"00:通常",28000,7,2,0,3000,,,,,,,,,
"7P","01","00:通常",40000,12,2,0,0,,,,,,,,,
"7P","02","00:通常",40000,12,2,0,0,,,,,,,,,
"7P","03","00:通常",40000,12,2,0,0,,,,,,,,,
"7P","04","00:通常",40000,12,2,0,0,,,,,,,,,
"7P","05","00:通常",40000,12,2,0,0,,,,,,,,,
"7P","ZZ","00:通常",0,0,0,0,,,,,,,,,,
"7R","01","10:引当不可",30000,10,0,0,0,,,,,,,,,
"7R","02","10:引当不可",30000,10,0,0,0,,,,,,,,,
"7R","03","10:引当不可",30000,10,0,0,0,,,,,,,,,
"7R","04","10:引当不可",30000,10,0,0,0,,,,,,,,,
"7R","05","10:引当不可",30000,10,0,0,0,,,,,,,,,
"7R","06","10:引当不可",30000,10,0,0,0,,,,,,,,,
"7R","07","10:引当不可",30000,10,0,0,0,,,,,,,,,
"7R","08","10:引当不可",30000,10,0,0,0,,,,,,,,,
"7R","09","10:引当不可",30000,10,0,0,0,,,,,,,,,
"7R",10,"10:引当不可",30000,10,0,0,0,,,,,,,,,
"7R",11,"10:引当不可",20000,0,10,0,0,,,,,,,,,
"7R",12,"10:引当不可",20000,0,10,0,0,,,,,,,,,
"7S",20,"00:通常",0,0,0,0,,,,,,,,,,
"7S",21,"00:通常",0,0,0,0,,,,,,,,,,
"7S",22,"00:通常",0,0,0,0,,,,,,,,,,
"7S",23,"00:通常",0,0,0,0,,,,,,,,,,
"7S",24,"00:通常",0,0,0,0,,,,,,,,,,
"7S",25,"00:通常",0,0,0,0,,,,,,,,,,
"7S",26,"00:通常",0,0,0,0,,,,,,,,,,
"7S",27,"00:通常",43000,13,2,0,0,,,,,,,,,
"7S",28,"00:通常",43000,13,2,0,0,,,,,,,,,
"7S",29,"00:通常",43000,13,2,0,0,,,,,,,,,
"7S",30,"00:通常",0,0,0,0,,,,,,,,,,
"7S",31,"00:通常",0,0,0,0,,,,,,,,,,
"7S",32,"00:通常",0,0,0,0,,,,,,,,,,
"7S",33,"00:通常",0,0,0,0,,,,,,,,,,
"7S",34,"00:通常",0,0,0,0,,,,,,,,,,
"7S",35,"00:通常",0,0,0,0,,,,,,,,,,
"7S",36,"00:通常",0,0,0,0,,,,,,,,,,
"7S",37,"00:通常",0,0,0,0,,,,,,,,,,
"7S",38,"00:通常",0,0,0,0,,,,,,,,,,
"7S","ZZ","00:通常",0,0,0,0,,,,,,,,,,
"7T","01","00:通常",52000,16,2,0,0,,,,,,,,,
"7T","02","00:通常",52000,16,2,0,0,,,,,,,,,
"7T","03","00:通常",52000,16,2,0,0,,,,,,,,,
"7T","04","00:通常",52000,16,2,0,0,,,,,,,,,
"7T","05","00:通常",52000,16,2,0,0,,,,,,,,,
"7T","06","00:通常",52000,16,2,0,0,,,,,,,,,
"7T","07","00:通常",52000,16,2,0,0,,,,,,,,,
"7T","08","00:通常",52000,16,2,0,0,,,,,,,,,
"7T","09","00:通常",52000,16,2,0,0,,,,,,,,,
"7T",10,"00:通常",52000,16,2,0,0,,,,,,,,,
"7T",11,"00:通常",52000,16,2,0,0,,,,,,,,,
"7T","ZZ","00:通常",0,0,0,0,,,,,,,,,,
"7U","01","00:通常",34000,10,2,0,0,,,,,,,,,
"7U","02","00:通常",34000,10,2,0,0,,,,,,,,,
"7U","03","00:通常",34000,10,2,0,0,,,,,,,,,
"7U","04","00:通常",34000,10,2,0,0,,,,,,,,,
"7U","05","00:通常",34000,10,2,0,0,,,,,,,,,
"7U","06","00:通常",34000,10,2,0,0,,,,,,,,,
"7U","07","00:通常",34000,10,2,0,0,,,,,,,,,
"7U","08","00:通常",34000,10,2,0,0,,,,,,,,,
"7U","09","00:通常",34000,10,2,0,0,,,,,,,,,
"7U",10,"00:通常",34000,10,2,0,0,,,,,,,,,
"7U",11,"00:通常",34000,10,2,0,0,,,,,,,,,
"7U",12,"00:通常",34000,10,2,0,0,,,,,,,,,
"7U",13,"00:通常",34000,10,2,0,0,,,,,,,,,
"7U",14,"00:通常",34000,10,2,0,0,,,,,,,,,
"7U",15,"00:通常",34000,10,2,0,0,,,,,,,,,
"7U",16,"00:通常",58000,18,2,0,0,,,,,,,,,
"7U",17,"00:通常",58000,18,2,0,0,,,,,,,,,
"7U",18,"00:通常",58000,18,2,0,0,,,,,,,,,
"7U",20,"00:通常",18000,6,0,0,0,,,,,,,,,
"7U",21,"00:通常",27000,9,0,0,0,,,,,,,,,
"7U",22,"00:通常",27000,9,0,0,0,,,,,,,,,
"7U",23,"00:通常",18000,6,0,0,0,,,,,,,,,
"7U",24,"00:通常",18000,6,0,0,0,,,,,,,,,
"7U",25,"00:通常",9000,3,0,0,0,,,,,,,,,
"7U",26,"00:通常",0,0,0,0,,,,,,,,,,
"7U",27,"00:通常",0,0,0,0,,,,,,,,,,
"7U",28,"00:通常",0,0,0,0,,,,,,,,,,
"7U",29,"00:通常",0,0,0,0,,,,,,,,,,
"7U",30,"00:通常",,,,,,,,,,,,,,
"7U",31,"00:通常",,,,,,,,,,,,,,
"7U",32,"00:通常",,,,,,,,,,,,,,
"7U",33,"00:通常",,,,,,,,,,,,,,
"7U",34,"00:通常",,,,,,,,,,,,,,
"7U",35,"00:通常",,,,,,,,,,,,,,
"7U",36,"00:通常",,,,,,,,,,,,,,
"7U",37,"00:通常",,,,,,,,,,,,,,
"7U","ZZ","00:通常",,,,,,,,,,,,,,
"7Z","01","10:引当不可",30000,10,0,0,0,,,,,,,,,
"7Z","02","10:引当不可",30000,10,0,0,0,,,,,,,,,
"7Z","03","10:引当不可",30000,10,0,0,0,,,,,,,,,
"7Z","04","10:引当不可",30000,10,0,0,0,,,,,,,,,
"7Z","05","10:引当不可",30000,10,0,0,0,,,,,,,,,
"7Z","06","10:引当不可",30000,10,0,0,0,,,,,,,,,
"7Z","07","10:引当不可",30000,10,0,0,0,,,,,,,,,
"7Z","08","00:通常",0,0,0,0,,,,,,,,,,
"7Z","09","10:引当不可",0,0,0,0,,,,,,,,,,
"7Z",10,"10:引当不可",0,0,0,0,,,,,,,,,,
"7Z",11,"10:引当不可",0,0,0,0,,,,,,,,,,
"7Z",12,"10:引当不可",30000,10,0,0,0,,,,,,,,,
"7Z",13,"10:引当不可",30000,10,0,0,0,,,,,,,,,
"7Z",14,"00:通常",30000,10,0,0,0,,,,,,,,,
"7Z",15,"10:引当不可",30000,10,0,0,0,,,,,,,,,
"7Z",16,"10:引当不可",30000,10,0,0,0,,,,,,,,,
"7Z",17,"10:引当不可",30000,10,0,0,0,,,,,,,,,
"7Z",18,"10:引当不可",30000,10,0,0,0,,,,,,,,,
"7Z",19,"10:引当不可",0,0,0,0,,,,,,,,,,
"7Z",20,"10:引当不可",0,0,0,0,,,,,,,,,,
"7Z",21,"10:引当不可",0,0,0,0,,,,,,,,,,
"7Z",22,"10:引当不可",0,0,0,0,,,,,,,,,,
"7Z","Z1","00:通常",0,0,0,0,,,,,,,,,,
"7Z","ZZ","00:通常",0,0,0,0,,,,,,,,,,
"8A","0 ","00:通常",,,,,,,,,,,,,,
"8A","01","00:通常",24000,8,0,0,0,,,,,,,,,
"8A","02","00:通常",24000,8,0,0,0,,,,,,,,,
"8A","03","00:通常",24000,8,0,0,0,,,,,,,,,
"8A","04","00:通常",24000,8,0,0,0,,,,,,,,,
"8A","05","00:通常",24000,8,0,0,0,,,,,,,,,
"8A","06","00:通常",96000,32,0,0,0,,,,,,,,,
"8A","07","00:通常",90000,30,0,0,0,,,,,,,,,
"8A","08","00:通常",0,0,0,0,,,,,,,,,,
"8A","09","00:通常",0,0,0,0,,,,,,,,,,
"8A",10,"00:通常",21000,7,0,0,0,,,,,,,,,
"8A",11,"00:通常",18000,6,0,0,0,,,,,,,,,
"8A",12,"00:通常",18000,6,0,0,0,,,,,,,,,
"8A",13,"00:通常",18000,6,0,0,0,,,,,,,,,
"8A",14,"00:通常",18000,6,0,0,0,,,,,,,,,
"8A",15,"00:通常",18000,6,0,0,0,,,,,,,,,
"8A","A0","00:通常",0,0,0,0,,,,,,,,,,
"8B","0 ","00:通常",,,,,,,,,,,,,,
"8B","01","00:通常",16000,4,2,0,0,,,,,,,,,
"8B","02","00:通常",16000,4,2,0,0,,,,,,,,,
"8B","03","00:通常",16000,4,2,0,0,,,,,,,,,
"8B","04","00:通常",16000,4,2,0,0,,,,,,,,,
"8B","05","00:通常",16000,4,2,0,0,,,,,,,,,
"8B","06","00:通常",16000,4,2,0,0,,,,,,,,,
"8B","07","00:通常",16000,4,2,0,0,,,,,,,,,
"8B","08","00:通常",16000,4,2,0,0,,,,,,,,,
"8B","09","00:通常",16000,4,2,0,0,,,,,,,,,
"8B",10,"00:通常",16000,4,2,0,0,,,,,,,,,
"8B","B0","00:通常",0,0,0,0,,,,,,,,,,
"8C","01","00:通常",0,0,0,0,,,,,,,,,,
"8C","02","00:通常",0,0,0,0,,,,,,,,,,
"8C","03","00:通常",0,0,0,0,,,,,,,,,,
"8C","04","00:通常",0,0,0,0,,,,,,,,,,
"8C","05","00:通常",0,0,0,0,,,,,,,,,,
"8C","06","00:通常",0,0,0,0,,,,,,,,,,
"8C","07","00:通常",0,0,0,0,,,,,,,,,,
"8C","08","00:通常",0,0,0,0,,,,,,,,,,
"8C","09","00:通常",0,0,0,0,,,,,,,,,,
"8C",10,"00:通常",0,0,0,0,,,,,,,,,,
"9A","1A","00:通常",0,0,0,0,,,,,,,,,,
"9A","2A","00:通常",0,0,0,0,,,,,,,,,,
"9A","3A","00:通常",0,0,0,0,,,,,,,,,,
"9A","A1","00:通常",,,,,,,,,,,,,,
"9A","A2","00:通常",,,,,,,,,,,,,,
"9A","A3","00:通常",,,,,,,,,,,,,,
"9A","AA","00:通常",,,,,,,,,,,,,,
"9B","1B","10:引当不可",0,0,0,0,,,,,,,,,,
"9B","2B","00:通常",0,0,0,0,,,,,,,,,,
"9B","3B","00:通常",0,0,0,0,,,,,,,,,,
"9C","3C","00:通常",0,0,0,0,,,,,,,,,,
"9D","NS","00:通常",0,0,0,0,,,,,,,,,,
"9G","1A","00:通常",30000,10,0,0,0,,,,,,,,,
"9G","1B","00:通常",30000,10,0,0,0,,,,,,,,,
"9G","1C","00:通常",30000,10,0,0,0,,,,,,,,,
"9G","1D","00:通常",30000,10,0,0,0,,,,,,,,,
"9G","1E","00:通常",30000,10,0,0,0,,,,,,,,,
"9G","1F","00:通常",30000,10,0,0,0,,,,,,,,,
"9G","1G","00:通常",30000,10,0,0,0,,,,,,,,,
"9G","1H","00:通常",30000,10,0,0,0,,,,,,,,,
"9G","1I","00:通常",30000,10,0,0,0,,,,,,,,,
"9G","1J","00:通常",30000,10,0,0,0,,,,,,,,,
"9G","1K","00:通常",30000,10,0,0,0,,,,,,,,,
"9G","1L","00:通常",30000,10,0,0,0,,,,,,,,,
"9G","1M","00:通常",30000,10,0,0,0,,,,,,,,,
"9G","1N","00:通常",30000,10,0,0,0,,,,,,,,,
"9G","1O","00:通常",30000,10,0,0,0,,,,,,,,,
"9G","1P","00:通常",30000,10,0,0,0,,,,,,,,,
"9G","2A","00:通常",44000,14,1,0,0,,,,,,,,,
"9G","2B","00:通常",44000,14,1,0,0,,,,,,,,,
"9G","2C","00:通常",44000,14,1,0,0,,,,,,,,,
"9G","2D","00:通常",44000,14,1,0,0,,,,,,,,,
"9G","2E","00:通常",44000,14,1,0,0,,,,,,,,,
"9G","2F","00:通常",44000,14,1,0,0,,,,,,,,,
"9G","2G","00:通常",44000,14,1,0,0,,,,,,,,,
"9G","2H","00:通常",44000,14,1,0,0,,,,,,,,,
"9G","2I","00:通常",14000,4,1,0,0,,,,,,,,,
"9G","2J","00:通常",14000,4,1,0,0,,,,,,,,,
"9G","2K","00:通常",14000,4,1,0,0,,,,,,,,,
"9G","2L","00:通常",14000,4,1,0,0,,,,,,,,,
"9G","2M","00:通常",14000,4,1,0,0,,,,,,,,,
"9G","2N","00:通常",14000,4,1,0,0,,,,,,,,,
"9G","2O","00:通常",14000,4,1,0,0,,,,,,,,,
"9G","2P","00:通常",14000,4,1,0,0,,,,,,,,,
"9G","2Z","00:通常",0,0,0,0,,,,,,,,,,
"9G","3A","00:通常",14000,4,1,0,0,,,,,,,,,
"9G","3B","00:通常",14000,4,1,0,0,,,,,,,,,
"9G","3C","00:通常",14000,4,1,0,0,,,,,,,,,
"9G","3D","00:通常",14000,4,1,0,0,,,,,,,,,
"9G","3E","00:通常",14000,4,1,0,0,,,,,,,,,
"9G","3F","00:通常",14000,4,1,0,0,,,,,,,,,
"9G","3G","00:通常",14000,4,1,0,0,,,,,,,,,
"9G","3H","00:通常",14000,4,1,0,0,,,,,,,,,
"9G","3I","00:通常",14000,4,1,0,0,,,,,,,,,
"9G","3J","00:通常",14000,4,1,0,0,,,,,,,,,
"9G","3K","00:通常",29000,9,1,0,0,,,,,,,,,
"9G","3L","00:通常",29000,9,1,0,0,,,,,,,,,
"9G","3M","00:通常",29000,9,1,0,0,,,,,,,,,
"9G","3N","00:通常",29000,9,1,0,0,,,,,,,,,
"9G","3O","00:通常",29000,9,1,0,0,,,,,,,,,
"9G","3P","00:通常",29000,9,1,0,0,,,,,,,,,
"9G","3Q","00:通常",29000,9,1,0,0,,,,,,,,,
"9G","3R","00:通常",29000,9,1,0,0,,,,,,,,,
"9G","3S","00:通常",29000,9,1,0,0,,,,,,,,,
"9G","3T","00:通常",29000,9,1,0,0,,,,,,,,,
"9G","3Z","00:通常",0,0,0,0,,,,,,,,,,
"9G","4A","00:通常",29000,9,1,0,0,,,,,,,,,
"9G","4B","00:通常",29000,9,1,0,0,,,,,,,,,
"9G","4C","00:通常",29000,9,1,0,0,,,,,,,,,
"9G","4D","00:通常",29000,9,1,0,0,,,,,,,,,
"9G","4E","00:通常",29000,9,1,0,0,,,,,,,,,
"9G","4F","00:通常",29000,9,1,0,0,,,,,,,,,
"9G","4G","00:通常",29000,9,1,0,0,,,,,,,,,
"9G","4H","00:通常",29000,9,1,0,0,,,,,,,,,
"9G","4I","00:通常",29000,9,1,0,0,,,,,,,,,
"9G","4J","00:通常",29000,9,1,0,0,,,,,,,,,
"9G","4K","00:通常",14000,4,1,0,0,,,,,,,,,
"9G","4L","00:通常",14000,4,1,0,0,,,,,,,,,
"9G","4M","00:通常",14000,4,1,0,0,,,,,,,,,
"9G","4N","00:通常",14000,4,1,0,0,,,,,,,,,
"9G","4O","00:通常",14000,4,1,0,0,,,,,,,,,
"9G","4P","00:通常",14000,4,1,0,0,,,,,,,,,
"9G","4Q","00:通常",14000,4,1,0,0,,,,,,,,,
"9G","4R","00:通常",14000,4,1,0,0,,,,,,,,,
"9G","4S","00:通常",14000,4,1,0,0,,,,,,,,,
"9G","4T","00:通常",14000,4,1,0,0,,,,,,,,,
"9G","4Z","00:通常",0,0,0,0,,,,,,,,,,
"9G","5A","00:通常",14000,4,1,0,0,,,,,,,,,
"9G","5B","00:通常",14000,4,1,0,0,,,,,,,,,
"9G","5C","00:通常",14000,4,1,0,0,,,,,,,,,
"9G","5D","00:通常",14000,4,1,0,0,,,,,,,,,
"9G","5E","00:通常",14000,4,1,0,0,,,,,,,,,
"9G","5F","00:通常",14000,4,1,0,0,,,,,,,,,
"9G","5G","00:通常",14000,4,1,0,0,,,,,,,,,
"9G","5H","00:通常",14000,4,1,0,0,,,,,,,,,
"9G","5I","00:通常",44000,14,1,0,0,,,,,,,,,
"9G","5J","00:通常",44000,14,1,0,0,,,,,,,,,
"9G","5K","00:通常",44000,14,1,0,0,,,,,,,,,
"9G","5L","00:通常",44000,14,1,0,0,,,,,,,,,
"9G","5M","00:通常",44000,14,1,0,0,,,,,,,,,
"9G","5N","00:通常",44000,14,1,0,0,,,,,,,,,
"9G","5O","00:通常",44000,14,1,0,0,,,,,,,,,
"9G","5P","00:通常",44000,14,1,0,0,,,,,,,,,
"9G","5Z","00:通常",0,0,0,0,,,,,,,,,,
"9G","6A","00:通常",30000,10,0,0,0,,,,,,,,,
"9G","6B","00:通常",30000,10,0,0,0,,,,,,,,,
"9G","6C","00:通常",30000,10,0,0,0,,,,,,,,,
"9G","6D","00:通常",30000,10,0,0,0,,,,,,,,,
"9G","6E","00:通常",30000,10,0,0,0,,,,,,,,,
"9G","6F","00:通常",30000,10,0,0,0,,,,,,,,,
"9G","6G","00:通常",30000,10,0,0,0,,,,,,,,,
"9G","6H","00:通常",30000,10,0,0,0,,,,,,,,,
"9G","6I","00:通常",30000,10,0,0,0,,,,,,,,,
"9G","6J","00:通常",30000,10,0,0,0,,,,,,,,,
"9G","6K","00:通常",30000,10,0,0,0,,,,,,,,,
"9G","6L","00:通常",30000,10,0,0,0,,,,,,,,,
"9G","6M","00:通常",30000,10,0,0,0,,,,,,,,,
"9G","6N","00:通常",30000,10,0,0,0,,,,,,,,,
"9G","6O","00:通常",30000,10,0,0,0,,,,,,,,,
"9G","6P","00:通常",30000,10,0,0,0,,,,,,,,,
"9G","7A","00:通常",30000,10,0,0,0,,,,,,,,,
"9G","7B","00:通常",30000,10,0,0,0,,,,,,,,,
"9G","7C","00:通常",30000,10,0,0,0,,,,,,,,,
"9G","7D","00:通常",30000,10,0,0,0,,,,,,,,,
"9G","7E","00:通常",30000,10,0,0,0,,,,,,,,,
"9G","7F","00:通常",30000,10,0,0,0,,,,,,,,,
"9G","7G","00:通常",30000,10,0,0,0,,,,,,,,,
"9G","7H","00:通常",30000,10,0,0,0,,,,,,,,,
"9G","7I","00:通常",30000,10,0,0,0,,,,,,,,,
"9G","7J","00:通常",30000,10,0,0,0,,,,,,,,,
"9G","7K","00:通常",30000,10,0,0,0,,,,,,,,,
"9G","7L","00:通常",30000,10,0,0,0,,,,,,,,,
"9G","7M","00:通常",30000,10,0,0,0,,,,,,,,,
"9G","7N","00:通常",30000,10,0,0,0,,,,,,,,,
"9G","7O","00:通常",30000,10,0,0,0,,,,,,,,,
"9G","7P","00:通常",30000,10,0,0,0,,,,,,,,,
"9G","8A","00:通常",30000,10,0,0,0,,,,,,,,,
"9G","8B","00:通常",30000,10,0,0,0,,,,,,,,,
"9G","8C","00:通常",30000,10,0,0,0,,,,,,,,,
"9G","8D","00:通常",30000,10,0,0,0,,,,,,,,,
"9G","8E","00:通常",30000,10,0,0,0,,,,,,,,,
"9G","8F","00:通常",30000,10,0,0,0,,,,,,,,,
"9G","8G","00:通常",30000,10,0,0,0,,,,,,,,,
"9G","8H","00:通常",30000,10,0,0,0,,,,,,,,,
"9G","8I","00:通常",30000,10,0,0,0,,,,,,,,,
"9G","8J","00:通常",30000,10,0,0,0,,,,,,,,,
"9G","8K","00:通常",30000,10,0,0,0,,,,,,,,,
"9G","8L","00:通常",30000,10,0,0,0,,,,,,,,,
"9G","8M","00:通常",30000,10,0,0,0,,,,,,,,,
"9G","8N","00:通常",30000,10,0,0,0,,,,,,,,,
"9G","8O","00:通常",30000,10,0,0,0,,,,,,,,,
"9G","8P","00:通常",30000,10,0,0,0,,,,,,,,,
"9J",1,"00:通常",0,0,0,0,,,,,,,,,,
"9J","ZZ","00:通常",0,0,0,0,,,,,,,,,,
"9K","YP","00:通常",,,,,,,,,,,,,,
"9L","1A","00:通常",15000,5,0,0,0,,,,,,,,,
"9L","1B","00:通常",15000,5,0,0,0,,,,,,,,,
"9L","1C","00:通常",15000,5,0,0,0,,,,,,,,,
"9L","1D","00:通常",15000,5,0,0,0,,,,,,,,,
"9L","1E","00:通常",15000,5,0,0,0,,,,,,,,,
"9L","1F","00:通常",15000,5,0,0,0,,,,,,,,,
"9L","1G","00:通常",15000,5,0,0,0,,,,,,,,,
"9L","1H","00:通常",15000,5,0,0,0,,,,,,,,,
"9L","1I","00:通常",15000,5,0,0,0,,,,,,,,,
"9L","1J","00:通常",15000,5,0,0,0,,,,,,,,,
"9L","1K","00:通常",15000,5,0,0,0,,,,,,,,,
"9L","1L","00:通常",15000,5,0,0,0,,,,,,,,,
"9L","1M","00:通常",15000,5,0,0,0,,,,,,,,,
"9L","1N","00:通常",15000,5,0,0,0,,,,,,,,,
"9L","1O","00:通常",15000,5,0,0,0,,,,,,,,,
"9L","1P","00:通常",15000,5,0,0,0,,,,,,,,,
"9L","1Q","00:通常",15000,5,0,0,0,,,,,,,,,
"9L","1R","00:通常",15000,5,0,0,0,,,,,,,,,
"9L","1S","00:通常",15000,5,0,0,0,,,,,,,,,
"9L","1T","00:通常",15000,5,0,0,0,,,,,,,,,
"9L","1U","00:通常",15000,5,0,0,0,,,,,,,,,
"9L","1V","00:通常",15000,5,0,0,0,,,,,,,,,
"9L","1W","00:通常",15000,5,0,0,0,,,,,,,,,
"9L","1X","00:通常",15000,5,0,0,0,,,,,,,,,
"9L","1Y","00:通常",15000,5,0,0,0,,,,,,,,,
"9L","1Z","00:通常",0,0,0,0,,,,,,,,,,
"9L","2A","00:通常",30000,10,0,0,0,,,,,,,,,
"9L","2B","00:通常",30000,10,0,0,0,,,,,,,,,
"9L","2C","00:通常",30000,10,0,0,0,,,,,,,,,
"9L","2D","00:通常",30000,10,0,0,0,,,,,,,,,
"9L","2E","00:通常",30000,10,0,0,0,,,,,,,,,
"9L","2F","00:通常",30000,10,0,0,0,,,,,,,,,
"9L","2G","00:通常",30000,10,0,0,0,,,,,,,,,
"9L","2H","00:通常",30000,10,0,0,0,,,,,,,,,
"9L","2I","00:通常",30000,10,0,0,0,,,,,,,,,
"9L","2J","00:通常",30000,10,0,0,0,,,,,,,,,
"9L","2K","00:通常",30000,10,0,0,0,,,,,,,,,
"9L","2L","00:通常",30000,10,0,0,0,,,,,,,,,
"9L","2M","00:通常",30000,10,0,0,0,,,,,,,,,
"9L","2Z","00:通常",0,0,0,0,,,,,,,,,,
"9L","3A","00:通常",27000,9,0,0,0,,,,,,,,,
"9L","3B","00:通常",27000,9,0,0,0,,,,,,,,,
"9L","3C","00:通常",27000,9,0,0,0,,,,,,,,,
"9L","3D","00:通常",27000,9,0,0,0,,,,,,,,,
"9L","3E","00:通常",27000,9,0,0,0,,,,,,,,,
"9L","3F","00:通常",27000,9,0,0,0,,,,,,,,,
"9L","3G","00:通常",27000,9,0,0,0,,,,,,,,,
"9L","3H","00:通常",27000,9,0,0,0,,,,,,,,,
"9L","3I","00:通常",27000,9,0,0,0,,,,,,,,,
"9L","3J","00:通常",21000,7,0,0,0,,,,,,,,,
"9L","3K","00:通常",21000,7,0,0,0,,,,,,,,,
"9L","3L","00:通常",21000,7,0,0,0,,,,,,,,,
"9L","3M","00:通常",21000,7,0,0,0,,,,,,,,,
"9L","3N","00:通常",21000,7,0,0,0,,,,,,,,,
"9L","3O","00:通常",21000,7,0,0,0,,,,,,,,,
"9L","3P","00:通常",21000,7,0,0,0,,,,,,,,,
"9L","3Q","00:通常",21000,7,0,0,0,,,,,,,,,
"9L","3R","00:通常",21000,7,0,0,0,,,,,,,,,
"9L","3Z","00:通常",0,0,0,0,,,,,,,,,,
"9L","4A","00:通常",50000,16,1,0,0,,,,,,,,,
"9L","4B","00:通常",50000,16,1,0,0,,,,,,,,,
"9L","4C","00:通常",50000,16,1,0,0,,,,,,,,,
"9L","4D","00:通常",50000,16,1,0,0,,,,,,,,,
"9L","4E","00:通常",50000,16,1,0,0,,,,,,,,,
"9L","4F","00:通常",50000,16,1,0,0,,,,,,,,,
"9L","4G","00:通常",50000,16,1,0,0,,,,,,,,,
"9L","4H","00:通常",50000,16,1,0,0,,,,,,,,,
"9L","4I","00:通常",50000,16,1,0,0,,,,,,,,,
"9L","4J","00:通常",50000,16,1,0,0,,,,,,,,,
"9L","4Z","00:通常",0,0,0,0,,,,,,,,,,
"9L","5A","00:通常",0,0,0,0,,,,,,,,,,
"9L","5B","00:通常",36000,12,0,0,0,,,,,,,,,
"9L","5C","00:通常",36000,12,0,0,0,,,,,,,,,
"9L","5D","00:通常",36000,12,0,0,0,,,,,,,,,
"9L","5E","00:通常",36000,12,0,0,0,,,,,,,,,
"9L","5F","00:通常",36000,12,0,0,0,,,,,,,,,
"9L","5G","00:通常",36000,12,0,0,0,,,,,,,,,
"9L","5H","00:通常",36000,12,0,0,0,,,,,,,,,
"9L","5I","00:通常",36000,12,0,0,0,,,,,,,,,
"9L","5J","00:通常",36000,12,0,0,0,,,,,,,,,
"9L","5K","00:通常",36000,12,0,0,0,,,,,,,,,
"9L","5L","00:通常",36000,12,0,0,0,,,,,,,,,
"9L","5Z","00:通常",10000,2,2,0,0,,,,,,,,,
"9L","6A","00:通常",50000,16,1,0,0,,,,,,,,,
"9L","6B","00:通常",50000,16,1,0,0,,,,,,,,,
"9L","6C","00:通常",50000,16,1,0,0,,,,,,,,,
"9L","6D","00:通常",50000,16,1,0,0,,,,,,,,,
"9L","6E","00:通常",50000,16,1,0,0,,,,,,,,,
"9L","6F","00:通常",50000,16,1,0,0,,,,,,,,,
"9L","6G","00:通常",50000,16,1,0,0,,,,,,,,,
"9L","6H","00:通常",50000,16,1,0,0,,,,,,,,,
"9L","6I","00:通常",50000,16,1,0,0,,,,,,,,,
"9L","6J","00:通常",50000,16,1,0,0,,,,,,,,,
"9L","6K","00:通常",50000,16,1,0,0,,,,,,,,,
"9L","6L","00:通常",50000,16,1,0,0,,,,,,,,,
"9L","6Z","00:通常",0,0,0,0,,,,,,,,,,
"9L","7A","00:通常",50000,16,1,0,0,,,,,,,,,
"9L","7B","00:通常",50000,16,1,0,0,,,,,,,,,
"9L","7C","00:通常",50000,16,1,0,0,,,,,,,,,
"9L","7D","00:通常",50000,16,1,0,0,,,,,,,,,
"9L","7E","00:通常",50000,16,1,0,0,,,,,,,,,
"9L","7F","00:通常",50000,16,1,0,0,,,,,,,,,
"9L","7G","00:通常",50000,16,1,0,0,,,,,,,,,
"9L","7H","00:通常",50000,16,1,0,0,,,,,,,,,
"9L","7I","00:通常",50000,16,1,0,0,,,,,,,,,
"9L","7J","00:通常",50000,16,1,0,0,,,,,,,,,
"9L","7K","00:通常",50000,16,1,0,0,,,,,,,,,
"9L","7Z","00:通常",0,0,0,0,,,,,,,,,,
"9L","8A","00:通常",50000,16,1,0,0,,,,,,,,,
"9L","8B","00:通常",50000,16,1,0,0,,,,,,,,,
"9L","8C","00:通常",50000,16,1,0,0,,,,,,,,,
"9L","8D","00:通常",50000,16,1,0,0,,,,,,,,,
"9L","8E","00:通常",50000,16,1,0,0,,,,,,,,,
"9L","8F","00:通常",50000,16,1,0,0,,,,,,,,,
"9L","8G","00:通常",50000,16,1,0,0,,,,,,,,,
"9L","8H","00:通常",50000,16,1,0,0,,,,,,,,,
"9L","8I","00:通常",50000,16,1,0,0,,,,,,,,,
"9L","8J","00:通常",50000,16,1,0,0,,,,,,,,,
"9L","8K","00:通常",50000,16,1,0,0,,,,,,,,,
"9L","8Z","00:通常",0,0,0,0,,,,,,,,,,
"9L",99,"00:通常",0,0,0,0,,,,,,,,,,
"9L","CP","99:使用不可",0,0,0,0,,,,,,,,,,
"9L","LL","10:引当不可",0,0,0,0,,,,,,,,,,
"9L","ZZ","00:通常",0,0,0,0,,,,,,,,,,
"9M","MM","00:通常",0,0,0,0,,,,,,,,,,
"9R","IN","00:通常",0,0,0,0,,,,,,,,,,
"9S","1S","10:引当不可",0,0,0,0,,,,,,,,,,
"9S","NP","00:通常",0,0,0,0,,,,,,,,,,
"9S","SS","00:通常",0,0,0,0,,,,,,,,,,
"KA","NS","00:通常",0,0,0,0,,,,,,,,,,
"OJ",1,"00:通常",14000,4,1,0,0,,,,,,,,,
"R0",1,"10:引当不可",0,0,0,0,,,,,,,,,,
"TD","L-","00:通常",0,0,0,0,,,,,,,,,,
"Z0",0,"20:出荷場",0,0,0,0,,,,,,,,,,
"Z0",1,"20:出荷場",0,0,0,0,,,,,,,,,,
"Z0",2,"20:出荷場",0,0,0,0,,,,,,,,,,
"Z0",3,"20:出荷場",0,0,0,0,,,,,,,,,,
"Z0",4,"20:出荷場",0,0,0,0,,,,,,,,,,
"Z0",5,"20:出荷場",0,0,0,0,,,,,,,,,,
"Z0",50,"20:出荷場",0,0,0,0,,,,,,,,,,
"Z2",0,"00:通常",0,0,0,0,,,,,,,,,,
"Z4",0,"00:通常",0,0,0,0,,,,,,,,,,
"Z6",0,"00:通常",0,0,0,0,,,,,,,,,,
"Z8",0,"00:通常",0,0,0,0,,,,,,,,,,
"Z8",1,"00:通常",0,0,0,0,,,,,,,,,,
"Z8",2,"00:通常",0,0,0,0,,,,,,,,,,
